M_true,M_hat,distance_r_over_a
0.004821332336779728,0.004229874927834394,6.708203932499369
0.04060904347759915,0.04085200340536574,8.602325267042627
0.008134365615428628,0.008234872522715564,5.830951894845301
0.001963911884164961,0.0015472418830679102,8.54400374531753
0.0009565853881064782,0.0014109059255057337,14.7648230602334
0.0010119607075374903,0.0006395126992424858,17.204650534085253
0.002988177858702264,0.003459288242375148,10.04987562112089
0.04147585286064987,0.041771896259638105,2.23606797749979
0.0031955015246731065,0.0032461926544700716,13.45362404707371
0.0004939077362293429,-0.0002938126064516403,14.317821063276353
0.016100566762843632,0.01635041196587661,5.0
0.000750469021277129,0.0008517585636414126,15.652475842498529
0.004400041325948229,0.0037734081890978778,17.029386365926403
0.5838415886663461,0.5840713906879881,13.416407864998739
0.0015732659909033432,0.0020908429602668464,12.165525060596439
0.0015102844284731766,0.0011764282064299992,17.029386365926403
0.000549936997026743,0.0007582998484618588,14.560219778561036
0.0006790186199232674,0.0009871883617583363,13.601470508735444
0.003935808910990998,0.004569633388107065,8.06225774829855
0.014280760271009439,0.014259701471748702,14.560219778561036
0.27578099240182125,0.2760604351092053,1.0
0.007511275749538358,0.006987225183009687,12.165525060596439
0.009689624195489589,0.00941337598041779,9.055385138137417
0.0014865487920469943,0.0013036793022710629,8.06225774829855
0.001039642367387196,0.0010996545038268297,10.198039027185569
0.011259402125635707,0.010708575979657886,6.4031242374328485
0.03902692852431288,0.0390308144270049,10.816653826391969
0.0015842073518458088,0.001511290317656969,14.035668847618199
0.39031070141870394,0.3906145329679245,7.615773105863909
0.029294102736915288,0.029575772844453452,1.0
0.0004385078223857544,8.524866611072865e-05,12.041594578792296
0.01652172463211774,0.016608498550809925,1.4142135623730951
0.14767953897942054,0.14758513151102676,13.0
0.001459974811791322,0.0009470105684950958,19.79898987322333
0.003951999914846398,0.003343556526941119,12.041594578792296
0.0005401056448546824,-0.00022581805456704915,10.198039027185569
0.02987167145168738,0.030102045509365433,6.082762530298219
0.033740124711389895,0.03357134518277007,12.649110640673518
0.024949112946425104,0.025122947248536004,5.656854249492381
0.0027432721058487904,0.0018912595884532032,6.708203932499369
0.008020127608970943,0.00730284518890545,4.123105625617661
0.29560008094319407,0.2963244127250483,1.0
0.22237812897113102,0.22235687743412877,10.295630140987
0.0004518521741195285,0.001219964860035976,8.06225774829855
0.00028002796725656143,0.0007837494000714831,10.63014581273465
0.008932979102179824,0.00931706671687735,9.899494936611665
0.006258268004977129,0.005428072759609543,4.47213595499958
0.0007928125916127953,0.0016292570270457895,7.211102550927978
0.0003775223179692339,0.00036707548956298945,8.0
0.10667068826675992,0.10642670038786378,2.0
0.0003515689121251732,0.0006145469923437502,8.94427190999916
0.00034475789278936593,0.0001220404586857643,11.180339887498949
0.0010120407024537905,0.0008632370499019385,9.0
0.004243490676167232,0.004450499508672472,12.041594578792296
0.00030807325423862507,0.0001678289828373179,10.63014581273465
0.0003838060369513349,0.00037010999864753227,8.06225774829855
0.0005093494943957643,0.0012172324069809205,7.0710678118654755
0.01783061664620057,0.01787063378886239,1.4142135623730951
0.0008704791107777499,0.0005399152169673733,11.180339887498949
0.0042696562013559815,0.0038840761182413804,6.324555320336759
0.0020451898710564347,0.0023928460524896954,9.848857801796104
0.008985973917570243,0.009117995313413764,7.810249675906654
0.003131504651778684,0.004052051393885384,2.8284271247461903
0.0014363905069174087,0.0012876914668836312,4.123105625617661
0.284385367741154,0.2843360775560321,1.4142135623730951
0.0023771467653299068,0.002412258637937819,6.0
0.0017510589940515347,0.0022137493713800015,13.038404810405298
0.017491791234727338,0.017636026892213153,5.0
0.0023909707652023777,0.0026327105235475763,7.615773105863909
0.00044859587913352947,0.0016349966758421653,7.211102550927978
0.0020546026347613607,0.0027580037978283843,6.4031242374328485
0.0012121932836312264,0.0017159520864837312,9.055385138137417
0.0001902175041591735,0.00031661356062651416,13.601470508735444
0.0012909729704653665,0.0013266554710244828,5.830951894845301
0.000602598100092351,0.0007683041767418226,6.4031242374328485
0.25561336942664303,0.25572356111770794,5.830951894845301
0.0014464259975553418,0.0010013799984412968,9.219544457292887
0.8071267182098103,0.8068334421459326,2.23606797749979
0.00030462682720438117,-0.00027838004273412456,8.602325267042627
0.001690173672696704,0.0020017226261389003,4.123105625617661
0.001638817219104599,0.0010603834433777683,4.0
0.0004836901121088045,6.611847973991749e-05,8.06225774829855
0.001659711045894519,0.0016286391514642507,8.0
0.0025047417463075704,0.0024090898555365107,9.486832980505138
0.0009214064595014469,0.0005940327634338283,6.708203932499369
0.0005175047242120251,6.612864216667177e-05,6.708203932499369
0.009619041896168122,0.009211624472520687,5.385164807134504
0.0005568950085732343,-2.8653618705191475e-05,9.848857801796104
0.0014519896412051503,0.0015849103816807358,4.123105625617661
0.0012907956362643016,0.002280808307980038,9.0
0.035285986087081826,0.035096793527639954,8.48528137423857
0.023850751301369717,0.023928679667699997,5.0990195135927845
0.0006329444341087142,0.00048151288096424786,8.602325267042627
0.004603747546264871,0.0047759009809370465,8.94427190999916
0.0006840683287830214,0.0013811228694956053,9.486832980505138
0.0008170728472939887,0.000775267469980252,8.54400374531753
0.0026873097612034424,0.0029624078295906776,3.605551275463989
0.00371934338610978,0.0041576703513750805,7.0710678118654755
0.0003750183482136844,0.0002390052253168197,7.810249675906654
0.002444332498417606,0.002224915290244295,5.830951894845301
0.0021277812357185207,0.0023509096584081596,4.47213595499958
0.0006934801609213977,0.0007836442964108781,6.708203932499369
0.0007803450333931847,0.00047581445999601586,7.0710678118654755
0.002931306240109548,0.0031527507320482165,3.0
0.4784400469750737,0.4789729320725383,2.23606797749979
0.0007269303932087206,0.000946792829045808,9.219544457292887
0.007703689387451088,0.008382901059059186,2.0
0.0002634605494909227,0.00017000264917158307,9.219544457292887
0.0003076013649838307,-0.00010654975378388703,10.63014581273465
0.0002813802403652236,9.276571296797402e-05,8.94427190999916
0.011344034293317066,0.01174754851411516,5.0
0.007309003927055349,0.007721807646161628,11.40175425099138
0.01106304862695235,0.011541112841503979,4.123105625617661
0.0002848438842470354,0.0005995813048599064,10.295630140987
0.0016180655623652769,0.0011733752428814068,4.123105625617661
0.006285656956160152,0.006803594107407593,5.0990195135927845
0.002455716922128751,0.0025007459304958596,3.1622776601683795
0.0024352649322294606,0.0035527588591848505,5.830951894845301
0.02274158465399742,0.023226405147070417,1.0
0.005925823499642373,0.005430526889247927,4.0
0.7307901245274276,0.730618883977416,9.433981132056603
0.00034551228215035925,5.9279350598968016e-05,8.94427190999916
0.0002313224892170687,0.0005282659032443046,11.40175425099138
0.011069608416487018,0.010922471766976527,9.219544457292887
0.005946691009601336,0.006465749289501756,3.605551275463989
0.0006191689011140496,0.001014697581441644,7.810249675906654
0.00028058242949601783,-0.0002624597205496506,9.0
0.20868660554959706,0.20857500955106434,1.0
0.00027406288489107664,5.8165888143968305e-05,9.848857801796104
0.00030167298312105587,0.000663337564578142,11.661903789690601
0.000916348704432037,0.000537027356580432,9.055385138137417
0.005389853680876454,0.005464269388902785,11.40175425099138
0.00025823646028335024,0.0006790349925794415,11.313708498984761
0.00028680736699412013,0.00036545253857041943,9.055385138137417
0.00036886673909984906,7.130058846024348e-05,8.06225774829855
0.005870379264819996,0.005128711285444051,2.23606797749979
0.0008603352505483975,0.0017825395614552175,11.045361017187261
0.003832908436230888,0.00532150615056885,5.385164807134504
0.0020903732597102615,0.002784518598043376,9.486832980505138
0.009476869082944803,0.009676362693046229,7.211102550927978
0.0017237917841541165,0.0015302984095940178,3.605551275463989
0.0008782497104168299,0.0007401569209905413,5.0990195135927845
0.081203590879361,0.08188789414852793,1.0
0.0019337126540377259,0.0017438150290231646,6.082762530298219
0.0020613512569344996,0.00180345689074998,12.529964086141668
0.014928370741410093,0.014783803902489328,4.47213595499958
0.002088452231290243,0.0023432400906065816,6.708203932499369
0.00032788339466314424,0.00020194051285691368,8.06225774829855
0.0018106007004478814,0.0016873613950920815,5.656854249492381
0.001124045556191246,0.0017217353466642067,9.0
0.00016832160165348363,0.0007580506790029534,14.212670403551895
0.0009552630515300109,0.0008856922767245803,6.4031242374328485
0.00043790081989939964,0.0008452997495862944,7.0710678118654755
0.2784537362051027,0.2789927962665091,5.0
0.0013794876341545516,0.0019619352441559833,9.055385138137417
0.39069219630861907,0.39011432179603217,1.4142135623730951
0.00032684389270888555,0.0004984888090382167,8.54400374531753
0.00022088598609650928,0.00010895058153855453,10.295630140987
0.00041935673302352633,0.00022737857232444508,8.06225774829855
0.0002645202536529042,-0.00014962629593915223,9.433981132056603
9.396772420581733e-05,-0.0001634800632458863,16.0312195418814
8.775584978632062e-05,0.00030352093299318466,17.11724276862369
0.006977761882975222,0.0061539597566626775,2.8284271247461903
0.0003140739537365824,0.0004936715482779779,8.602325267042627
0.00016065283707417864,4.5390454479859966e-05,13.038404810405298
6.885852868332079e-05,0.00023888302752564806,17.72004514666935
0.0003195852122064992,-0.0005051293969851639,8.602325267042627
8.18205956369497e-05,-0.0003923942508496633,17.029386365926403
0.00013963246905486965,0.0005567790589920348,14.866068747318506
0.000373064398594679,0.0004263528001434442,9.848857801796104
0.007385575440386752,0.0074984510755770825,4.123105625617661
0.0001024206208401691,0.00067823649206961,16.278820596099706
7.242985917203067e-05,0.0005314919635396359,17.46424919657298
8.232187890767417e-05,-0.00024309064851283152,16.492422502470642
0.00020598651958610826,0.00022028064185019701,10.770329614269007
0.000560640629679863,0.0005113200898328289,9.219544457292887
0.0004146789441408175,0.00042752206635100006,7.615773105863909
0.0011778179938366352,0.0011197604549218862,6.4031242374328485
0.0020537242660165133,0.0018479067760883046,4.123105625617661
0.0001298771584479224,0.0007570567596006952,13.038404810405298
0.00010802159069310822,-0.00022128056650210762,14.317821063276353
0.00030218812395344007,0.0009114638200757865,8.94427190999916
0.00036563719987563935,0.000485908942466221,9.055385138137417
0.0026716888391630175,0.0022787459140682807,6.324555320336759
0.0007475782732534373,0.0008393377230690334,6.082762530298219
0.00036043781021817686,2.481331460682805e-05,8.246211251235321
6.695764088208407e-05,0.00031176730475228207,17.4928556845359
0.00023854186669549393,0.000284340032738002,9.848857801796104
0.0004771188506956356,0.00023461277362434117,8.94427190999916
8.844448249765994e-05,-0.00028519785846793796,18.027756377319946
0.00018629538042592934,0.0006425353149276802,12.0
7.64161233067341e-05,6.064035955169125e-05,16.401219466856727
0.0012907892086545364,0.0009890414042527818,4.47213595499958
0.0006251570365893714,0.0005125668133806175,8.06225774829855
0.0003731474466911964,0.0002674633796423097,8.06225774829855
0.00014788985185636098,0.0007491203114836124,14.7648230602334
0.000572170990583857,0.0008446844483198908,8.06225774829855
0.00041347743931749773,0.0015195937613765131,8.0
0.0004378123001363902,0.0003948093120670585,8.94427190999916
8.76297703634202e-05,-0.0013014304397863667,16.0312195418814
0.0029778315523514842,0.0031216777708954722,3.1622776601683795
0.00010691019497271655,-5.371759675971196e-05,14.317821063276353
0.00021555787714569262,9.134558875267736e-05,12.529964086141668
0.0017855289430932441,0.003016723041958224,3.605551275463989
0.027102641848118694,0.0261335452440312,4.123105625617661
0.0003431928885412303,-0.0007396249982558824,9.848857801796104
0.1040571040965617,0.10228887880827864,1.0
0.0005715925854221166,0.0002848887204509607,6.324555320336759
0.00029435187583430665,0.0007912217490091488,8.602325267042627
8.262848464105694e-05,0.00020477856821611681,15.811388300841896
0.0015997584596872854,0.002195897447543336,4.0
0.06358568977342839,0.0629667663077542,3.1622776601683795
0.021858005381070158,0.02112418269794198,3.0
0.0008041645200879205,0.0011977573004450792,6.708203932499369
0.0001597718431032166,-0.00036705975669984556,11.40175425099138
0.0001511794704145056,-0.0002858392445495297,14.317821063276353
0.00014644465298686838,0.0005825951061138316,12.083045973594572
0.00015604580986464562,3.3567911780064074e-05,12.165525060596439
0.0008853307845600246,-0.0002861150843488213,7.810249675906654
0.0019966531154098077,0.0011713001485721352,5.830951894845301
0.0004454933965220445,-0.001038547792003311,8.54400374531753
0.0004519000556755198,-0.00018311662059882113,7.280109889280518
8.169191625483959e-05,0.0002989096455507339,15.652475842498529
0.00025660249687634756,0.0009254872712250887,10.0
0.0001261770944569429,0.00022977775054744214,15.652475842498529
0.0022010590132274825,0.003075130177478724,8.06225774829855
0.0001691240548449099,-0.0009420291193590316,14.422205101855956
0.00024395516291698122,6.7817329831056095e-06,9.433981132056603
0.0005239628453932968,0.0010286700583546555,7.0710678118654755
0.001476763864791507,0.0016576183481739858,4.123105625617661
0.001030036649640196,-0.0002529478735825677,9.486832980505138
0.00017829623069844889,-0.0003252902632503445,12.041594578792296
0.00020400111257101893,-6.48855229888124e-05,10.295630140987
0.00034671080755975823,-0.0003135135880104722,9.486832980505138
0.0011232300653699267,0.001324184261420817,17.204650534085253
0.0024422740402280825,0.002254155547068184,10.63014581273465
0.0314402072754331,0.03242613439826471,9.486832980505138
0.0025967795965806547,0.002031344844067287,11.40175425099138
0.2862730941145012,0.2861668888972224,17.11724276862369
0.008325046911843898,0.008014580961982157,3.1622776601683795
0.019270655161522675,0.019432462698706302,15.0
0.0014740260125494955,0.0018368862116198072,15.0
0.3153063739308503,0.3155792246059418,4.123105625617661
0.001064096943471977,0.00032913464434003795,7.0
0.002751118480725354,0.0023662092194123665,12.206555615733702
0.005954569416883012,0.005680274581972178,3.0
0.006367569266870286,0.007084051180997552,4.242640687119285
0.009038344553687473,0.008983674860875632,8.246211251235321
0.004524499576640096,0.004172833418096373,16.1245154965971
0.052830002508385876,0.053413506734611316,1.4142135623730951
0.0014654619143760561,0.001505602946828795,6.0
0.0017595919620109598,0.0014936069976235105,6.082762530298219
0.003421706335750913,0.0027508758568052846,9.219544457292887
0.0028641117228501703,0.002749214013156233,10.770329614269007
0.0015470128387842896,0.0010860491567438553,16.64331697709324
0.0064348666478936676,0.006208689307527795,12.165525060596439
0.10652727112503912,0.1062201738432758,13.038404810405298
0.0011119178692248683,-2.6287231078513367e-07,10.816653826391969
0.0012870984312323508,0.00036018926037341024,8.94427190999916
0.003953416701164057,0.002791273587157114,10.816653826391969
0.6419664274413202,0.6411304324380364,8.06225774829855
0.0021030024052255776,0.0025946230092565928,15.524174696260024
0.04499866644993664,0.044619333132781505,11.40175425099138
0.0011273637507186085,0.0008711975717444412,18.027756377319946
0.0004913506279697799,0.000821862345177556,11.180339887498949
0.0008357405896049615,0.0009091342113540309,17.029386365926403
0.008287046229842963,0.007312914542959436,9.219544457292887
0.002504708197272665,0.0022234805124675874,4.0
0.053736609020389806,0.053357515356075295,5.385164807134504
0.0004624269581523786,0.00029647176968002997,12.649110640673518
0.020267358286802206,0.020377101132527796,13.601470508735444
0.0076092924811838715,0.007267778257589048,10.198039027185569
0.004232979913608207,0.003961734665814626,11.661903789690601
0.000241714718937185,-0.00014663174994159508,10.04987562112089
0.00040838367495939145,-0.00018271393225260273,9.899494936611665
0.0013624876716995572,0.0014091710394165675,6.708203932499369
0.0004416777358291969,0.0007967146127704104,9.219544457292887
0.0027018466494629655,0.0023373349382794853,2.8284271247461903
0.0003952903323927856,0.0005880429165081822,14.317821063276353
0.0005560951789960007,0.000600117430089305,15.0
0.0003086454810476624,-0.0003267426471482706,9.486832980505138
0.0009081301161455718,0.0012452291959577388,11.045361017187261
0.0001939244905126037,0.001343801806300923,16.55294535724685
0.00047312352148936427,-0.00016290769613789375,8.602325267042627
0.00034650033753727636,9.138430360071262e-05,15.297058540778355
0.0018176501882647615,0.0026723911627171562,12.36931687685298
0.006210989379495739,0.006024347951193377,7.280109889280518
0.012718179346327562,0.01308502716443409,2.23606797749979
0.0007848750064307309,0.0005958406026644503,14.035668847618199
0.00022312534584519665,0.0003755625749129502,16.15549442140351
0.00024764655921860986,0.001129420408454877,15.231546211727817
0.00046609572542837484,0.0004022572534694114,10.0
0.12061099835660363,0.12073420827746027,6.4031242374328485
0.00030367878291881435,0.0005357236481789571,9.055385138137417
0.1282224047239511,0.12830576222842072,3.605551275463989
0.012328115055419326,0.011813071413221118,2.23606797749979
0.00023513821715586265,0.00023189312244576332,12.727922061357855
0.00023982234819369992,0.00025165960705769334,13.601470508735444
0.0005678662854703707,0.0001742800780830092,8.48528137423857
0.0020936305077391268,0.0020891941178128055,7.0710678118654755
0.009489516851858518,0.009914945379766386,4.0
0.001980437859421912,0.0018953267638322484,5.0
0.00023380578243484645,0.0004346416508143558,10.0
0.0001310358191819159,0.0006250657860416386,17.029386365926403
0.00019973135208843263,0.00010430840787804525,11.180339887498949
0.009767350142207245,0.009895946716155637,6.324555320336759
0.0011365773986324506,0.0018833693296184289,15.524174696260024
0.0008696752581233784,0.001104383393800163,10.198039027185569
0.00012850477724920157,-0.0008584063838960204,16.278820596099706
0.0016215243449443169,0.0016631368930891312,4.47213595499958
0.017334324752975173,0.018133933752436764,5.385164807134504
0.0006198887410132831,0.00044924545791844516,7.810249675906654
0.06360197184958195,0.06290576968393535,2.23606797749979
0.0014707080184664302,0.00018848129076032456,4.47213595499958
0.000579986985521934,0.000464994537831007,6.708203932499369
0.002210393861904096,0.0024532022953236525,3.605551275463989
0.0004839657979371341,0.0001914584139966881,8.602325267042627
0.0001602023944424869,0.0003534406387750898,12.529964086141668
0.0001029604893404694,1.7795686135880346e-05,15.0
0.00033170525471218115,0.00022146395833350335,9.486832980505138
0.0001901453178844043,-0.00020138560870239534,11.313708498984761
0.00019328939233816196,9.37775291508944e-05,12.165525060596439
0.0034844575266788635,0.003063015347710779,2.8284271247461903
0.00013864014034204212,0.00048683241157365594,13.416407864998739
9.94384709636101e-05,0.0007368044135731668,15.0
0.0001748371799410184,-0.00022049433264388727,11.704699910719626
0.00021074370694839462,3.4319174961187785e-05,11.704699910719626
0.00010344175090399647,-0.00019183022002966906,14.866068747318506
0.00017982042732360456,0.0007229120103579279,12.36931687685298
0.0002140619307313323,0.0009854741151271319,11.40175425099138
0.0008299407106873161,0.0008319124743358542,5.830951894845301
0.00013822784692609137,0.0005870453606839634,13.152946437965905
0.027114450347636033,0.026975966123297113,2.0
0.00021339381522666393,0.0007645442593378894,11.0
0.0004366698287479085,-0.00013920053304046455,8.06225774829855
0.0009784135100459692,0.0012721113476823346,6.0
0.0004881086229361637,0.0006464020584899068,8.06225774829855
0.0015292121864463124,0.0019975452079417175,4.242640687119285
0.0003133994729160513,-0.00016692003449484457,8.94427190999916
0.00014888998518686536,0.00012840857958975948,13.341664064126334
0.0007362837916889853,-0.00029383127378171826,6.082762530298219
0.021909255340408332,0.021676592939704278,3.1622776601683795
0.00035451332866268814,0.0009940730924351817,10.198039027185569
0.7843878741170214,0.7845383556565689,2.23606797749979
0.0001869995570684169,7.204537640957958e-05,11.40175425099138
6.844040542698083e-05,0.0003493871587479428,17.69180601295413
0.0002552018050984691,0.0001788379686191771,9.899494936611665
0.000594239739068332,0.0010198216498351663,8.54400374531753
0.0011790971583053567,0.0012334516733535196,5.0990195135927845
0.00019787960456786003,-0.00010254472030638061,11.180339887498949
0.002098882688172708,0.0025873180990037825,3.605551275463989
0.0001665155307712927,-4.432614286217562e-05,13.45362404707371
0.0007947267024413602,0.0010151053524686858,7.211102550927978
0.0009539727291287377,0.0009190312004566025,5.385164807134504
0.000610080902159291,0.000685734562485831,7.810249675906654
0.00012873778976585585,0.0008400007703704101,13.038404810405298
0.5071733036495216,0.5065706430231262,3.605551275463989
0.009666809080867386,0.00987798039824479,4.123105625617661
0.00017735697275780536,0.0010701267989420458,11.045361017187261
0.00025480219228880786,-0.00010258622696328107,11.313708498984761
0.008321257051804379,0.008415394379370115,7.211102550927978
0.000475178189789362,0.0009220618448564772,8.48528137423857
0.5064371820769619,0.5069147211801587,4.47213595499958
0.0021065524432743324,0.002814459509482432,4.123105625617661
0.000902273122628756,0.0009720640292941157,5.0
0.00013475581078103077,0.0002868879816104842,12.36931687685298
0.006365232651277205,0.006590233532570043,3.605551275463989
0.01580774499039782,0.01575252841861219,6.4031242374328485
0.010512613835257827,0.01018368956070181,5.830951894845301
0.0012947821627824446,0.000928298661234301,5.830951894845301
0.00035824511409301497,0.0005830526705680363,7.810249675906654
0.00017862191913073044,-0.0004819942939901657,12.806248474865697
0.0002958433527202368,0.0002692943486237835,8.54400374531753
0.00028184396042076586,0.00021806858211246942,9.0
0.0008849690853514682,0.0018054509498157888,8.246211251235321
0.001821095048928045,0.001732409590282309,7.0
0.0006985349058519816,0.000780152804814473,7.0710678118654755
0.0015185648737321782,0.0023855368691055815,4.0
0.0001395271017028904,-0.00010446352439277232,12.083045973594572
0.0004863302610217952,1.999262166863143e-05,7.280109889280518
0.00014231034276197376,-0.0005672697854587484,14.212670403551895
0.001217690297899745,0.0018030189265125776,10.198039027185569
0.00018038082491790087,2.63767853693139e-07,13.45362404707371
0.0006546923060003361,0.0005429000808123401,5.830951894845301
0.0012932590966744846,0.0003713552325947983,6.4031242374328485
0.017513818508436637,0.01748923839254568,1.4142135623730951
0.0006932978842085879,0.0011671900366309377,11.0
0.00028248984122242714,-0.00013820341001195423,9.486832980505138
0.0004895338997954914,0.0006138988035230795,6.708203932499369
0.0005297755792081127,0.0004454467536814859,7.810249675906654
9.635088103809324e-05,-0.0005061706700039745,14.317821063276353
0.0003264944837943382,0.0003410959905521748,8.0
0.00020893687863989327,-0.00024010146123376315,9.848857801796104
0.0002544961423654235,-9.770474216943626e-05,9.0
5.693372879333003e-05,-0.00011459551422307387,17.72004514666935
0.0017383755013759602,0.0020950328719636195,4.123105625617661
0.0006972924176210823,0.0010795062782937197,7.0
6.703291738211146e-05,9.193156927571233e-05,16.55294535724685
0.00013658215685709573,0.00010118400464286057,12.165525060596439
0.00046326851539312957,-0.0010996807842061957,7.211102550927978
0.00020325896772002488,0.0006423757972467845,10.0
0.0021952909059001066,0.0021722034366672745,4.0
0.00024406223831742222,-0.0004753205797737996,10.44030650891055
0.00014753320964546975,0.0011652544657021592,12.041594578792296
5.349100252583149e-05,3.123358220308642e-05,18.35755975068582
0.00047200615565578407,0.0011997697825930312,8.06225774829855
0.032382296822313965,0.03320376993089391,1.0
0.011404666110180876,0.011901127529272637,1.4142135623730951
0.0004180374896320117,0.0010752467007917941,7.0710678118654755
9.230888947397192e-05,0.0006102026315416099,14.866068747318506
9.763672085132313e-05,8.3012218812413e-05,14.142135623730951
8.624457651732208e-05,-3.03340380089704e-05,15.0
9.26564855358076e-05,0.0004419673690885134,14.317821063276353
0.0005694306183852587,0.0005834831729141458,6.324555320336759
0.0013413973794485915,0.0015157915375415033,4.123105625617661
0.00024871268386118567,0.0006921864667284538,9.055385138137417
0.00020923197338618165,-0.0004170818176511032,10.0
5.293418515785679e-05,-0.0005877276921698055,18.601075237738275
0.000143247557275739,8.500119068872644e-06,11.704699910719626
8.289397006655847e-05,4.798967206237097e-05,15.297058540778355
0.001754932008137484,0.0018236131788291025,4.47213595499958
0.00011029740203699022,0.00012085944414170656,13.601470508735444
0.00012839759408126057,0.0005892933186103168,12.727922061357855
0.00026627256985479054,-0.00032910288330742336,11.0
0.000451105570343091,0.0003985091629283336,7.0710678118654755
0.0007220332186419195,0.0007278950257814725,6.4031242374328485
0.00010723967959293406,0.00046435432822126055,13.341664064126334
0.00011205766885915171,0.0004077152969417551,13.45362404707371
0.00019925956990514225,0.00046860115464448853,10.04987562112089
0.01059351661343508,0.01112976057450225,5.0
0.005331877672240403,0.005451439312543688,2.0
0.0019242072144148347,0.002196383028081006,4.123105625617661
0.020124884080749483,0.020104396240724687,1.0
0.0025225305301004148,0.0030381679693176665,8.602325267042627
0.00021175663697140575,0.0009380099178961439,9.848857801796104
0.0001391722421452227,0.0002832510657195926,12.206555615733702
0.0011872213821833484,0.0009833521983226633,8.602325267042627
0.021286552372891895,0.020842368480494467,2.8284271247461903
0.0003219488517578979,0.00033286811181405004,8.48528137423857
0.00019888765502799454,-0.0002899524122592502,10.0
0.00017364986990665496,-0.00043370509420765345,10.770329614269007
0.00015873026371785183,0.0003298263469492959,12.206555615733702
0.00037081267998507637,0.0005820515520216366,9.219544457292887
0.0006856871327986402,0.0008942240826582125,10.816653826391969
0.00014861401984314835,0.00023419073944010865,12.041594578792296
0.0001966131216091986,-0.00022053626898184864,10.04987562112089
0.0002455862623726735,-7.282593649439906e-05,9.055385138137417
0.002175758919278974,0.001407652883220395,3.1622776601683795
0.0003052665251685582,-9.851026879955196e-05,11.0
0.026994595349442024,0.02693664427782807,4.47213595499958
0.0005646655203151258,0.00043326529751394475,9.219544457292887
0.0015323884212977024,0.0008051972124321241,6.708203932499369
0.00114095843058343,0.00046087776433607897,4.47213595499958
0.0005725791627703797,0.0002405983800507494,6.082762530298219
0.011907862379198223,0.010912374919324341,1.4142135623730951
0.0007597122524316625,-1.5093148496533523e-05,6.324555320336759
0.0004129435097000418,0.0010437786068336129,12.083045973594572
0.0030660061503481354,0.0031255171036588415,4.123105625617661
0.011436175673060416,0.012522034466795007,5.830951894845301
0.00027076392858198326,0.0009658934497650692,8.94427190999916
0.004937221685528086,0.005542487582587057,5.0
0.0004203623725905544,0.0005200372478186756,9.055385138137417
9.703109495321249e-05,0.0006912695582659046,14.866068747318506
0.0004722214547162655,0.00041400867771737354,7.0710678118654755
0.000389971154687281,-6.797829540860882e-05,7.810249675906654
0.006981414344072636,0.006630764049294811,4.242640687119285
0.000470620691865661,0.0005127476802568327,9.0
0.03670675030971642,0.03551302943320689,1.0
0.00013695830081931302,0.0005078130863670254,15.652475842498529
0.0004933344396342765,0.0007863026137671834,8.94427190999916
0.0003737376502766216,0.0006152228424582265,9.0
0.0003859499521118739,0.0005946038910274861,9.848857801796104
8.598867761462724e-05,8.108661595050286e-05,17.029386365926403
0.03131658226329307,0.03126318614692691,1.0
0.0036758885476249627,0.004010386909595431,3.0
0.00010569543651193292,0.00024762256687218246,15.297058540778355
0.0001971156470101492,0.0008767271171745586,13.416407864998739
0.001432852265709072,0.001040287267877334,4.47213595499958
0.012417065338594309,0.01254245602023664,4.0
0.00030799213366200745,0.0008511245831361546,10.770329614269007
0.0006122052902303717,0.00025591886164187715,6.708203932499369
0.00029084811600427066,0.0013805186401062608,9.433981132056603
8.310469703105089e-05,-0.000611363920671217,16.76305461424021
0.0017703223314502075,0.0014141312604120972,4.123105625617661
0.021904441336385215,0.022404864503755888,3.0
0.010447567190820012,0.009693686070740195,3.1622776601683795
0.0006712526478384827,0.000488567832420165,7.615773105863909
0.0001635023181830702,0.00024788038806529525,12.206555615733702
0.00014057374873743917,0.0007484848262449381,15.231546211727817
0.0001462792601681426,0.0004452609231654054,13.0
0.0001515782233675418,0.0005628816403357971,13.152946437965905
0.0007335686797720504,0.0007321694407780925,8.48528137423857
0.001517519548551511,0.0008892496587263169,6.4031242374328485
0.0003935049001745733,0.0008936104453216413,9.486832980505138
0.0004147626367550845,0.0011589550173484063,8.246211251235321
8.334228553870747e-05,-0.00012408469855925913,16.55294535724685
0.00023989540528833206,0.00022826927380751455,11.0
0.00011761218247790418,-0.0004405577053666873,16.55294535724685
0.0016506056763589015,0.001563707843363161,8.246211251235321
0.00015489168570257764,-0.0002176544127489481,15.264337522473747
0.0002416860096559902,0.0007087971979525657,10.295630140987
0.0006376973903502193,0.000843719961222835,7.0
0.001164043655085547,0.0005477434978770519,5.0990195135927845
0.0008318065028577478,0.000970439668047544,9.848857801796104
0.00016884641907009045,1.374054694040143e-05,13.038404810405298
0.00020268903946441802,0.0009389008215699664,11.180339887498949
0.0003122328816989373,0.0007759618918911853,10.44030650891055
0.002418338789114604,0.002656649492362987,17.029386365926403
0.07104062666918168,0.07115115647633462,11.180339887498949
0.007111364626988654,0.006874010292332444,8.48528137423857
0.021494019813065784,0.02111778777725968,11.661903789690601
0.0004950531744640805,0.0003053673379947137,14.866068747318506
0.004817767802321701,0.004640239088709832,6.324555320336759
0.004121483904067971,0.004058542195885254,4.242640687119285
0.0006180880958703701,0.00023466690658601488,12.36931687685298
0.0049618233738319886,0.0046661556673644735,15.0
0.23684509301064238,0.23616980485725309,4.123105625617661
0.0018657390179631968,0.0024911357166101243,10.44030650891055
0.009975201013324626,0.00978284008119197,12.206555615733702
0.0029847578496940315,0.0028959365226084136,6.708203932499369
0.003649768362833399,0.00431313000415335,5.0990195135927845
0.0004048861844993555,0.0006953469981415144,13.038404810405298
0.009235593761230138,0.00972001807877914,2.8284271247461903
0.0020924071549619336,0.002332337185060408,9.486832980505138
0.0030579874732082784,0.0029904451573669055,9.219544457292887
0.24527442338700184,0.24486125236881431,9.848857801796104
0.0011098689709121347,0.001624576034401525,7.0710678118654755
0.002151531607170657,0.0023958721787388513,16.278820596099706
0.0009564764183126102,0.0012759842379415365,9.055385138137417
0.0011292871455494545,0.002325832844912417,10.770329614269007
0.03678997366471801,0.03575850825528603,12.36931687685298
0.0093799712343736,0.009382573004832659,11.045361017187261
0.015475661109020525,0.016499897138414092,10.816653826391969
0.007893759428871666,0.007216889796674811,6.4031242374328485
0.0003820056863188993,0.0008497626220160012,12.041594578792296
0.002837030702564806,0.0023479943281529236,10.0
0.0016807037962916817,0.0016547351778700304,17.69180601295413
0.002207041069676488,0.0017300718323653205,14.035668847618199
0.00426623147496991,0.004691489591497795,17.204650534085253
0.0024067476198262735,0.0025761001477793448,6.082762530298219
0.0026903159096110497,0.0025742599899050388,3.1622776601683795
0.708872501546167,0.7092616224053603,5.385164807134504
0.004099895695495529,0.004093527898186283,15.033296378372908
0.0016468372214829476,0.0018642506430249198,12.206555615733702
0.0016954954437087644,0.002172480276641131,7.0710678118654755
0.00787471881911097,0.008236049974887,11.40175425099138
0.0001941114099458462,-0.00048540129895140914,13.416407864998739
0.00032834993561790414,2.7259506243916976e-05,9.0
0.0012167349540296165,0.00039961242204340254,5.0990195135927845
0.00034680060576164275,0.00023086839878037023,9.055385138137417
0.0009920214888662088,0.0006248018284514835,9.848857801796104
0.00027326840604914533,0.0004483240720631772,8.602325267042627
0.0003050226356399712,0.0012276525797522975,8.246211251235321
0.00252160725337594,0.0029090601920205416,7.280109889280518
0.00023755093140252574,-2.5541437596457786e-05,11.704699910719626
0.0008449047313626655,0.0006553773742208066,5.0
0.0001357505915167387,-0.00024223219525935078,12.041594578792296
0.0003596369548879155,0.0005203195310192123,9.219544457292887
0.00022432568907572608,0.001260747482962954,9.433981132056603
0.000932217811691619,0.0011031929618562138,5.0990195135927845
0.004661715144996857,0.005614702633424349,8.0
0.00042887992608365454,-0.0005774376270096457,7.0710678118654755
0.0001541704282955985,0.0006527961881866389,11.313708498984761
0.00017801493094856495,0.00045842806614775886,10.63014581273465
0.00038789071411942993,0.0013295525755631593,8.06225774829855
0.1451726760372855,0.14537548085412402,2.8284271247461903
0.0002340038536375534,-0.00013098275749419798,12.529964086141668
0.01848995045195189,0.018109820489833887,4.0
0.0023607716052802545,0.0020431536652163913,5.830951894845301
0.00018784182817597062,0.0009757665415733568,11.180339887498949
0.0001881093207225776,0.0002516571554990316,10.770329614269007
0.0004475854671989504,0.0006315249843124595,8.06225774829855
0.0031326277313226286,0.003273669949427002,3.0
0.023118634134887947,0.022310516278905217,7.280109889280518
0.0012398475008121674,0.00038542841338162163,5.830951894845301
0.0001908866677409314,-4.575399467500354e-06,13.892443989449804
9.919897464756343e-05,-0.0006494764045104069,14.317821063276353
0.00016381012784340943,0.0012406598990590753,13.92838827718412
0.20373455583400898,0.2034005454461899,1.0
0.00035026720189185564,0.0011035459741857625,8.246211251235321
0.0008752514595540278,0.0010012730233705126,5.0
0.00010078786424767288,0.0003791590605731942,14.560219778561036
0.0008014206225632741,0.0009113114569917614,7.810249675906654
0.06802604231090326,0.06816311299621605,2.0
0.00046476785173119446,0.0013051064880510149,8.246211251235321
0.0004780489954514677,0.0010949782444253642,12.165525060596439
0.00024309877644902128,0.0009684813193260628,12.041594578792296
0.0004185903204498077,0.0006579447951239784,8.602325267042627
0.0002918089545893937,-2.3195563161865825e-05,11.40175425099138
0.010759195279476183,0.010786741378893634,4.123105625617661
9.183629504361966e-05,-6.906853579932134e-05,15.811388300841896
8.051556110612085e-05,-0.00021963084737980205,16.1245154965971
0.010177489887466817,0.009065772511113346,2.23606797749979
0.00039539811711675085,0.0009542815078776318,11.704699910719626
0.00015295567555700666,0.0006938627138147861,12.36931687685298
7.248865658188871e-05,-0.00040998501536588996,18.35755975068582
0.0003528510910047086,0.00024206680671676022,10.816653826391969
7.966311818638387e-05,-0.0005802570406732044,16.76305461424021
0.00012092149386037606,-0.0002232555617483708,13.038404810405298
0.0003537539086266675,0.0004578928431778497,8.0
9.227213344901512e-05,0.0008251931755626897,15.033296378372908
7.476621448811505e-05,-0.00011652496549589229,17.88854381999832
8.542301073018178e-05,-3.8990761074977025e-05,17.0
0.00021966906688123203,0.00035742527272375046,12.041594578792296
0.0005348586410402274,-0.0004164423193386826,6.324555320336759
0.0005628549224718615,0.0010635828893884943,11.180339887498949
0.0014771004623578023,0.000965127881494339,4.0
0.0020567140809035203,0.0015664262583998945,4.242640687119285
0.0001498453125558567,-3.86202109761935e-06,14.866068747318506
0.00011934130553557967,-0.00028963902077093907,15.620499351813308
0.0003218590560994566,0.00020668798873659715,10.63014581273465
0.0003596653918888971,-0.00010633671651662821,8.54400374531753
0.0045415120020825435,0.004366759982312909,2.23606797749979
0.0007212696544087002,6.303093929445726e-05,7.0710678118654755
0.0005643454471148307,0.0011873373675811935,12.041594578792296
7.778231543949792e-05,0.0007975348877343102,19.1049731745428
0.0003514083008088623,-3.3437988533626957e-05,13.341664064126334
0.000468000223557242,0.0002738737657385906,7.0
7.444078202560505e-05,-0.0008562490814819335,16.1245154965971
0.00018179802574508615,-2.655661509495485e-05,11.704699910719626
9.306225664384704e-05,0.00047714368926635945,18.439088914585774
0.001118949669759808,0.0016650135336694918,6.708203932499369
0.0006445279367877829,0.0008609289871374763,6.0
0.0003951387276511161,0.0005119312079165147,10.0
0.00010348751848089002,0.001107968295885834,17.029386365926403
0.00028035358664680416,0.0008250518313052272,10.63014581273465
0.000540798753326924,0.0009421583638912431,8.94427190999916
0.00025358137577707977,0.00044424523968588313,11.313708498984761
0.00017703175389417706,0.00017075911909768013,16.278820596099706
0.0017204369936890795,0.0016523207922558725,4.0
0.014060168037082746,0.014412687163882165,1.4142135623730951
0.00029095200239733724,-1.3384234949369333e-05,14.035668847618199
0.00013963711666914252,0.000532854371332961,14.866068747318506
0.003273963080299556,0.0034269060281419475,3.605551275463989
0.0003912953445757287,0.000230759835763099,8.06225774829855
0.00022851261750406388,0.0009095146693138405,12.041594578792296
0.0015792854523250595,0.0009057367162983269,4.123105625617661
0.058842679321821044,0.05809308142109473,2.8284271247461903
0.0018715830312794706,0.0023042106293838915,7.0710678118654755
0.000295218841033436,-7.876532059012775e-05,15.033296378372908
0.0005168137654943985,0.001537616971718274,7.0710678118654755
0.000537246724851713,0.0003745251664602567,7.0
0.0003815314102985501,0.0006163066936142759,9.219544457292887
0.001374677664893409,0.001467693415265311,9.486832980505138
0.00011663828122116956,0.0007993785512095065,16.401219466856727
0.0006442917098687643,0.001050223209266146,11.045361017187261
0.0003652675822031145,0.00022692085994424757,12.165525060596439
0.00022159579954088583,-0.0005214144501429,11.180339887498949
0.00030217888024211683,-0.0002940495165653211,9.486832980505138
0.0003040451755894395,0.0005387943275356258,10.63014581273465
0.0010090662353083519,0.0005477892403349264,7.280109889280518
0.00041887676805923334,-0.00012832406322532913,14.317821063276353
0.00038574996055020894,0.0009336303785748821,10.770329614269007
9.512558629935475e-05,7.056704455048559e-05,17.804493814764857
0.00016773122597108915,-0.00025774630703623443,12.041594578792296
9.932403019769394e-05,0.00024785642870888086,16.97056274847714
0.0013733347704527213,0.0010741099748991958,8.06225774829855
0.027614212574910205,0.02781794880545209,3.1622776601683795
0.0016092202077798948,0.0019666975169349782,5.0
0.00013769078672002847,0.000437800740252828,13.341664064126334
0.00024723061745143913,0.001095522295257793,13.0
0.0010419675115612324,0.0017637083850546092,9.055385138137417
0.0002701542069393972,0.00042648952355532697,11.40175425099138
9.494401238715383e-05,-5.8883146937759674e-05,14.560219778561036
0.0003275460996029169,0.0001413754374177253,8.06225774829855
0.0002221396634861411,2.695157721835026e-05,9.486832980505138
0.00025546246596630626,-6.593629420723513e-05,9.055385138137417
5.833693698589952e-05,0.0008129243694805112,17.46424919657298
0.002717164880595495,0.0020519032103427717,3.1622776601683795
0.0009074667687380828,0.0013632465297893554,6.0
6.95960369789182e-05,0.00042309776894667125,16.15549442140351
0.00013477215515445408,-0.0009468738796869238,12.36931687685298
0.0005573465758616382,1.7026114605747482e-05,6.4031242374328485
0.05344739438684169,0.05423395338084225,1.0
0.00020408768138454418,0.0005352856528750567,10.04987562112089
0.0036972054809316763,0.004086028311469939,3.0
0.00028266000341600354,8.567075092105422e-05,9.486832980505138
0.00016186320037989306,0.0002960337595442823,11.313708498984761
5.55982311398494e-05,0.0003824939260853676,17.88854381999832
0.0005842582746512753,0.0009022212348779527,7.0710678118654755
0.020494878328685517,0.020938119930666965,1.0
0.0004306103713837535,0.0005827404291202098,7.0
9.927222511273887e-05,0.00026903823495572527,14.142135623730951
9.678032219889127e-05,-0.0005176789400711875,14.317821063276353
9.141558744408337e-05,-8.528164502613232e-05,14.422205101855956
9.675099032559316e-05,0.00015771173346732664,13.92838827718412
0.0005339056229428669,0.0004878580222696322,6.708203932499369
0.001228952672933157,0.0015448027228539066,4.47213595499958
0.00025380233465319927,0.0013131205419095308,9.0
0.00022884866039464004,0.00027367160264933534,9.433981132056603
5.54003928438884e-05,0.0003455665952487112,18.027756377319946
0.00014965715040838413,-0.0005266610243949147,11.40175425099138
8.187067983824108e-05,-8.100686479562568e-05,15.524174696260024
0.0013418895126859755,0.0009547033317018495,5.385164807134504
0.00010772734193235054,0.00038709613594056807,13.92838827718412
0.00013940225563100828,0.00019369462464920032,12.041594578792296
0.0003098578432257543,0.0005290310769010742,10.0
0.0005266554122357486,0.0002253103488084121,6.4031242374328485
0.0006168702246123483,0.0011878616904220122,7.211102550927978
0.00011011580220234562,0.0005377428798386404,13.152946437965905
0.00012055354130137176,0.00021961514740726493,12.806248474865697
0.00020274304833089847,0.0007746195978961226,10.0
0.014917500182386396,0.01562463425182558,13.601470508735444
0.6253554411191099,0.6256302791791919,7.0710678118654755
0.0052756320587897185,0.004442742146441811,8.54400374531753
0.7275083458569136,0.7271467144759773,8.06225774829855
0.002162392639876721,0.0040109329020303975,16.492422502470642
0.004336422138332971,0.0038888860763250793,3.0
0.0009032780087234633,0.000857485124713443,6.082762530298219
0.0012441090438645654,0.001852375699057238,15.231546211727817
0.03136425376945745,0.03140746970566189,11.40175425099138
0.0021549081479239627,0.0015918980006507377,5.830951894845301
0.01316418602378611,0.01360889702635204,1.4142135623730951
0.6759400380971847,0.6762023309804073,9.055385138137417
0.0030610952537232835,0.0036147959954162256,3.1622776601683795
0.0005393906937317963,0.0010490014232753427,9.219544457292887
0.0008345275334609322,0.0014361933625453268,10.63014581273465
0.0006905066381510417,0.0006611160022868281,17.0
0.0007737678630325758,0.000946215871062292,7.0
0.020594227407897098,0.020881944476899506,1.0
0.1365119873037442,0.13622332353022323,6.0
0.0005054248409258031,2.7083730582554805e-05,13.45362404707371
0.04256482988364401,0.04213700859300856,13.341664064126334
0.0007957010485002312,0.0014373581898490134,13.601470508735444
0.0018775148885739957,0.0016584760314298447,13.0
0.01482094675556691,0.015216662643960903,5.830951894845301
0.030677487915678602,0.03108522601681566,3.605551275463989
0.08363449105086682,0.0837458696786703,8.0
0.002213054483616223,0.0029124827289939443,8.602325267042627
0.00045533996736055735,-5.9993895943137815e-06,17.204650534085253
0.004720401552776233,0.004528988116737196,10.44030650891055
0.016504812442827477,0.016813040938033815,14.560219778561036
0.002443959641885649,0.0023059953667751145,5.0990195135927845
0.006860287112302385,0.0073632141393543595,13.0
0.0008333419805250005,0.0010248471608152493,11.313708498984761
0.0003298142035869689,-0.00014495441449557467,10.04987562112089
0.003558281745225399,0.003921305759661844,5.656854249492381
0.0021523887997064585,0.0021087982779132435,6.708203932499369
0.007146334111614615,0.0071332510131879405,12.165525060596439
0.0008258411895570826,0.0016526726491767484,12.041594578792296
0.06768687464987404,0.0679609726427018,9.0
0.0026941767521168935,0.0025986384461689476,8.06225774829855
0.16572399075816133,0.16495400376535457,1.4142135623730951
0.0021233730879525784,0.0017659168088736445,3.605551275463989
0.02982579714854351,0.030026006857107074,2.23606797749979
0.0003341418715708585,-9.38925767188832e-05,10.770329614269007
0.0005597364972763061,0.00039073999349055564,6.708203932499369
0.00026294694268698616,0.00043407587171245983,9.219544457292887
0.0003144584295240355,-0.00018938308205925197,10.0
0.0055230070665333204,0.005260908113027605,5.830951894845301
0.0006465678701581011,0.0005395485778288238,5.830951894845301
0.0007288605972829938,0.0009883948521806653,7.0710678118654755
0.011214875145265616,0.01052266616303926,3.1622776601683795
0.00044020087152722254,0.0007762182580045734,7.615773105863909
0.00021266993748305355,0.0004560144191015446,9.848857801796104
0.00034219137268057536,0.0004968508825076851,8.06225774829855
0.0001976641918367311,0.00015399610035243908,12.041594578792296
0.00025361163636799166,8.542396619284323e-05,9.219544457292887
0.0006658518220023999,0.001162755657500004,7.0
0.000917376868073209,0.0023583676884681997,6.0
0.00020637995878886197,0.000646028040216217,10.44030650891055
0.0022847648782231334,0.0014989212958906094,7.615773105863909
0.0002855128128724859,0.0005379734832499873,9.433981132056603
0.0005137787442110045,0.0002866276395819378,7.810249675906654
0.021602010207554555,0.02158730103173012,3.1622776601683795
0.00462511565015607,0.004900440017961555,3.605551275463989
0.016123287184128136,0.016314508371016098,2.0
0.0009039480528594117,0.0008108477849731359,5.0990195135927845
0.00015569403147285829,-0.0004430178245435879,12.806248474865697
0.0013445996775964665,0.0009710430087518113,5.0
0.001879450857068727,0.00044224365246224985,8.94427190999916
0.0015709290170914357,0.0009574870247537879,7.0710678118654755
0.004950033678891963,0.005060671827089452,7.810249675906654
0.00033683364222212366,-7.755121050817028e-05,8.246211251235321
0.00013604617158494636,0.0004919591500581159,12.206555615733702
0.0011072489079708093,0.0014539330346356686,4.47213595499958
0.0033238081789235523,0.0032606693893011585,6.708203932499369
0.0010973827611610962,0.0011886029297451077,6.324555320336759
0.00032435393260264375,0.001088405406627974,8.54400374531753
0.007286299791867344,0.007426597241159162,3.0
0.00011810253750412056,-0.00046781434524351015,14.560219778561036
0.00018288073639876224,-0.0003688713609902892,11.180339887498949
0.0004931705968538146,-7.024310783114917e-05,7.0710678118654755
0.0001917945653046087,0.0004270917039129742,11.045361017187261
0.0004825596646071505,0.00042827365068862577,9.219544457292887
0.00017169173269505642,4.383318155588281e-05,11.40175425099138
0.0002073735431812271,0.0002473889990537505,10.770329614269007
0.001081528045861255,0.0004372461352059962,6.4031242374328485
0.00014091150004095585,0.000938621254408445,13.152946437965905
0.00038630194633429345,-2.106271747973629e-05,7.810249675906654
9.335630138471195e-05,0.0004483479628486003,14.866068747318506
0.00019856495719957568,-0.00020885015197865948,11.0
0.00014898519526699617,0.0005981273610015035,12.206555615733702
0.0005592637237016807,9.677557438772999e-05,7.0710678118654755
0.003086932562493635,0.002428393649265524,2.8284271247461903
0.001656334154577254,0.0010953169379743994,6.324555320336759
0.0002784370022576439,-0.00028283097124044156,9.486832980505138
0.00010484552716465995,-8.176600099099791e-06,14.142135623730951
0.00011675682135778035,-0.0001927339142923223,13.45362404707371
0.00020808763871528197,0.000986608048088381,10.44030650891055
0.00013911813412142263,-0.0001365704267844636,13.601470508735444
0.005174539606618247,0.005586830171709391,2.8284271247461903
0.0009921010602010458,0.0013393169836115322,5.830951894845301
0.00011599621432006723,0.0005913633773003385,13.601470508735444
0.00011750366652156174,0.001025896612848455,13.416407864998739
0.00023511551520932,0.0013436606766017247,10.04987562112089
0.0008353240140430095,0.0009625333684441162,5.385164807134504
0.004499345746276008,0.003586059621893476,5.0
0.0005390754570370144,0.0009630048894964745,7.0710678118654755
0.00011614404148967016,-0.0009258556416441423,14.866068747318506
6.870547234244612e-05,0.0006098524250853434,17.0
0.00010191541703791839,0.0008135446713999102,15.297058540778355
0.004912985453094996,0.004812016427336918,2.23606797749979
0.0002854054002818594,0.000634478013103369,10.0
0.00037977211795725416,0.0005111855631157202,7.810249675906654
6.86403257046583e-05,0.00039073152733679994,17.08800749063506
0.00039834906096817446,-4.977761705228078e-05,8.54400374531753
0.0066781989832920205,0.006137648013053082,2.0
0.00024445411323945624,0.0011732194316493843,10.0
0.06909739618597974,0.06991825126436069,1.0
0.0006335556417987182,0.0018019714455456866,6.324555320336759
0.0004382169040850322,0.0014523456443329523,7.810249675906654
0.0008870919190957672,0.00012170710541151413,5.385164807134504
0.0009422357471191992,0.00042073131444086433,7.615773105863909
0.00010744384325362526,0.00104253949307609,14.317821063276353
7.706016597159333e-05,-0.0001803664766261704,16.64331697709324
0.0004888276694525466,0.00021901338604305267,9.055385138137417
0.006755786261385771,0.006151256370731023,2.0
0.00014195053365685184,0.00020270027131726894,12.806248474865697
0.00011105243614146151,-1.182439971269064e-05,14.142135623730951
0.0013075410578124865,0.0013554500404739257,4.47213595499958
9.322808786154864e-05,-0.0008745176418520817,15.231546211727817
8.492399722871599e-05,-0.0006730164007218288,16.278820596099706
0.00016631868305536356,-0.0002265049694386179,12.529964086141668
0.0003245937168209746,0.00022715317524216937,11.180339887498949
8.063431205100099e-05,0.001549650252299394,16.401219466856727
0.00010746381788464853,0.0004242110028449342,14.317821063276353
0.00012593109717177431,-0.0005050052059979251,13.341664064126334
0.00042847670041207275,0.00010463944238497556,7.615773105863909
0.00015087069518055374,-0.0008624170608044667,13.601470508735444
0.0002504778529754601,-0.0005810123642563894,11.180339887498949
0.0005302744026451828,-0.00029863872384224867,8.06225774829855
0.0003954332876164158,0.00025518820620751455,8.0
0.00023825463035609986,0.0010436607701204265,10.04987562112089
0.0007600738967529208,0.0007675712322297535,5.830951894845301
0.0002608299994930129,-0.00037808207896818146,10.0
0.0002102025983038654,0.0005868453147352934,13.038404810405298
0.0006564844348071095,0.0013387451459700465,6.708203932499369
0.19540883790570063,0.19541669827432417,1.4142135623730951
0.0001638357488623874,0.001109478129650997,12.165525060596439
0.009249331722836155,0.009634610712035183,2.23606797749979
0.00018584921986990232,-0.0004016860280613299,12.083045973594572
5.74504176203432e-05,0.00024116983123493126,19.1049731745428
0.00018343188760926822,0.0002841540069639764,11.40175425099138
0.00023814363798535946,-0.00012297148198775595,10.44030650891055
0.0013306990154685586,0.0013749193507294677,5.0990195135927845
0.00020671198098425573,0.0007618487801426723,11.704699910719626
0.0010609931237230451,0.0011133075833757791,5.0
0.0036307168179376226,0.0041904686056001405,12.165525060596439
0.000976256177840605,0.0009531131991646984,9.848857801796104
0.0023547040803663585,0.0018096688717602087,5.830951894845301
0.0012869463063742768,0.0013710843400014945,9.486832980505138
0.02054403848329765,0.019382439368608527,6.4031242374328485
0.00023973702496542733,0.0007506733236934409,12.083045973594572
0.00019341636930853625,0.0001661666854895233,12.165525060596439
0.039548048840779705,0.03936194790039112,3.605551275463989
0.002261180295560236,0.0017053116595957289,11.0
0.00048067634008989096,0.00035752273949703293,8.54400374531753
0.00018096049032543466,0.0013478618425455408,15.0
0.0017343218568363799,0.0016145499334912906,9.219544457292887
0.00019808716937405528,6.565705957791356e-05,13.0
0.0003138467770196543,-0.0001789689694822647,9.055385138137417
0.0018100748579463158,0.002118613972374386,4.0
0.0060938552468585115,0.006167874712889324,4.0
0.00022811727241152447,0.00022040954905678492,11.045361017187261
0.00018705670334726772,-6.281548912903906e-05,14.422205101855956
0.00022325763331231818,0.0006043492604440312,13.601470508735444
0.0008364616504641492,0.0014299508917153087,9.433981132056603
0.00282887618362951,0.003187273776487337,2.8284271247461903
0.004683627216190473,0.004377574358545632,11.180339887498949
0.12371094540895475,0.1237581337877017,3.1622776601683795
0.00049347054126443,0.0008089089665765116,12.529964086141668
0.0003563052382095236,0.0006894113990888936,12.806248474865697
0.0014871340664269117,0.0015531401371897842,8.54400374531753
0.0019208571388502156,0.0019369096844918197,5.0
0.003386131679345571,0.002564041500977509,3.605551275463989
0.006153389918560704,0.0064036668079826995,5.0990195135927845
0.005468285219101257,0.005190898857778134,12.36931687685298
0.0002045109791644775,0.0007051007511485465,16.401219466856727
0.002082853850908121,0.002315206303104745,13.038404810405298
0.0032306256691359394,0.002929204837467156,3.0
0.0001613797604646586,-0.00021067787842801462,12.165525060596439
0.0006275711698414293,0.00047986961337202413,8.06225774829855
0.00026274881575023465,7.223322836709807e-06,16.1245154965971
0.014894873720458808,0.014247389929197912,6.082762530298219
0.007218977274439128,0.007633569504515589,2.0
0.0020576606968423753,0.002507844658955035,8.246211251235321
0.0002579705433765942,0.0003020867052294174,9.055385138137417
0.000500263230973818,2.4751876431260405e-05,7.810249675906654
0.0022557273199440013,0.0018248334547043277,4.47213595499958
0.0005514583924101303,0.0011527385630095892,7.211102550927978
0.001509144668197313,0.0004485125128219931,4.123105625617661
0.00039835718760759044,0.0007197890517261058,12.165525060596439
0.0005095748300028852,0.0007218776415915842,13.038404810405298
0.008279769611418547,0.006705379909122386,2.23606797749979
0.00035108913451906246,0.0005751466128795513,8.06225774829855
0.0009993428512872576,0.0007168287210387542,9.0
0.00019681094782530114,-0.00015046932727692385,14.317821063276353
0.00059695588438543,0.00017293763659630016,6.708203932499369
0.0003400715841719845,-0.00035007621346442566,13.152946437965905
0.0015939820951173715,0.001501686997074703,10.770329614269007
0.009450335668282326,0.009291878553795305,5.830951894845301
0.0033340417274249933,0.003011436306692509,4.242640687119285
0.0007132776706145219,-0.00011035711350360967,12.165525060596439
0.0002255178307900641,0.00020717313679696604,13.92838827718412
0.0002555685246388484,-0.0003537220471905323,13.0
0.0005748709990796275,0.0019379334560983216,7.810249675906654
0.5345514741261871,0.5340717451755989,5.830951894845301
0.00032899492360936915,0.0012408568924101896,8.06225774829855
0.19331122518889662,0.19324218446269487,3.1622776601683795
0.0002633968116643746,0.00046369549315044027,10.63014581273465
0.00026264686381922465,0.0007411171904637118,11.40175425099138
0.0007471829303038297,0.0009288525603265538,6.4031242374328485
0.003358734668037232,0.002955663082360841,5.0
0.004078271532364953,0.004153159163756357,5.385164807134504
0.004244025820295777,0.004333208122572964,2.8284271247461903
0.00024369176760916412,-0.00011619450604920061,9.219544457292887
0.00013620798402154896,0.0009671904728834686,14.866068747318506
0.00021409967774009938,-0.0006789560322800542,10.0
0.01951347008143583,0.02021801783892504,5.0
0.0008624275317778789,0.0007206569611104589,13.92838827718412
0.001030564281856855,0.00037291867404283573,8.06225774829855
0.00013549705152784096,-0.0002778768365208519,14.212670403551895
0.002567127331914548,0.002250380017937627,3.0
0.05769887975932492,0.05692867686382707,4.242640687119285
0.0008330530852397352,0.00036456684629604993,5.830951894845301
0.008774464235655272,0.009202900751506985,8.06225774829855
0.05531447467197141,0.055968694237605386,2.8284271247461903
0.00377888642844953,0.003244244290759602,6.708203932499369
0.09300752498832844,0.09258556320334585,3.605551275463989
0.008648450894909888,0.009262377602963699,13.038404810405298
0.0005847373073267633,0.0004080335308950763,7.810249675906654
0.00031000305079439494,0.0006817702912287837,10.816653826391969
0.0025894401518342003,0.002209198840820052,12.727922061357855
0.030813128802673832,0.030869481193268617,6.0
0.000769316116144386,0.0011192518372687653,8.246211251235321
0.0006943058404437509,0.000629496362353731,6.324555320336759
0.17320404803420925,0.17439997494480916,4.47213595499958
0.000461387066399411,0.0002383560317965191,8.48528137423857
0.00031129510064474797,-0.00047989268363436005,12.36931687685298
0.0006981696894588083,0.0008486101642130507,11.180339887498949
0.001413831631927474,0.0008443117604656466,14.866068747318506
0.00031809121790620464,0.000977136520913046,11.180339887498949
0.0006463800169373708,0.0007981702600215784,6.708203932499369
0.0008966719157879494,0.001262353641268591,5.830951894845301
0.012666995338971832,0.012056883121667885,3.1622776601683795
0.0005423978173149959,2.8886373337889027e-05,13.601470508735444
0.017493065894972872,0.017919962682591422,8.0
0.0010404985680301504,0.0013447983707920925,12.529964086141668
0.0030208616641515243,0.0023763989415903656,10.63014581273465
0.006076299956549293,0.006070069353615301,2.23606797749979
0.02551445675462152,0.025315625737393925,4.242640687119285
0.0015430415255815737,0.0008180527755849354,8.246211251235321
0.0007573214186126295,0.0001921638266484917,15.811388300841896
0.005362924325836205,0.005569001346734952,7.810249675906654
0.007363369050575503,0.007885378858929079,9.055385138137417
0.00129591902062961,0.002198471685775553,4.47213595499958
0.005907777004434043,0.006178144213133263,7.280109889280518
0.000778946330104564,0.0007008478734775739,11.40175425099138
0.00018501827840097882,-0.00012826883015586393,14.317821063276353
0.001202960033564851,0.0015846138372402371,7.0710678118654755
0.0022494637086213874,0.002374234828061584,3.605551275463989
0.014340692340751407,0.014981456731234034,8.602325267042627
0.0008632253793811821,0.0007900859399200225,11.704699910719626
0.03630748582001977,0.03641415785062015,5.0
0.0002153003744838456,7.375090253817259e-05,10.198039027185569
0.0016147911946656798,0.001468579513242035,4.123105625617661
0.0007174611750873774,0.0009529672092499935,7.0710678118654755
0.0010266388260667943,0.0012389748132311954,5.0990195135927845
0.0001236947545553107,0.0017595210765801962,14.317821063276353
0.009957304710039798,0.00942429318745448,5.830951894845301
0.003201953093071245,0.0033608844963322615,8.94427190999916
0.00015478673044330512,5.6557302405616005e-05,13.601470508735444
0.0003608301218910081,0.00014761652389566832,8.06225774829855
0.0018204608267474642,0.002378698936029006,7.0
0.08639454812369932,0.08691494673883254,4.123105625617661
0.0007044249552102794,0.0012698057022636363,6.082762530298219
0.01442659855979612,0.015146027275709146,6.4031242374328485
0.0008021981220468911,0.0017463640161544114,11.045361017187261
0.00042259639100423194,0.00032780247631398237,10.770329614269007
0.00011752038819133731,-0.0005763857083492178,15.620499351813308
0.001876921957034929,0.0016585154080984098,9.486832980505138
0.7227430719782623,0.7226128493022871,4.47213595499958
0.39876359534975936,0.39877837295923485,3.605551275463989
0.0025103558342853003,0.00192550174017855,3.605551275463989
0.0002348565059825362,0.0001821041244610094,13.416407864998739
0.0002260162787172463,0.00037206826994124625,10.04987562112089
0.00021498769631572292,0.0006815009282517877,12.806248474865697
0.0002345660486981438,-0.00042265554813897667,11.40175425099138
0.0048073090147011995,0.005589555467829174,2.23606797749979
0.0009899504487143863,0.0013996327483057633,5.385164807134504
0.0006846356396794362,0.0010204168209752107,8.06225774829855
0.00011718834546850201,0.0005118538634658208,16.278820596099706
0.0004221011633555202,4.1591360471790115e-05,8.602325267042627
0.00017670270660357547,-1.741542750142305e-05,11.180339887498949
0.004111019517068504,0.005476576545057682,3.605551275463989
0.0002480836207077206,0.00023818389859542007,9.486832980505138
0.0003552100960479436,-0.00017014915443794613,11.180339887498949
0.0009838831073044213,0.0008602321093240963,12.649110640673518
0.0018855051164039032,0.0023261795472826943,6.082762530298219
0.00203738026945493,0.0018541884391915942,4.0
0.0002815942996511266,0.00031723011914224766,9.848857801796104
0.0002993388858620738,-0.00017334672980887339,11.661903789690601
0.0006903165249446825,0.0009880021702253806,6.324555320336759
0.01900664329538015,0.019564703160458184,6.4031242374328485
0.016611219231724,0.016781473165629834,1.4142135623730951
0.004198742005545369,0.005032998831979094,3.0
0.06415086905688885,0.06445140814770012,1.0
0.002064442644471869,0.002414137413480006,8.94427190999916
0.000316178181822501,-8.488172571002265e-07,8.54400374531753
0.00019335450038425684,-0.0005927156541626502,10.816653826391969
0.0011977290215601038,0.001480138540566573,8.48528137423857
0.02527326157407476,0.02533987670123065,4.242640687119285
0.0004993842856254199,0.0012302768984862509,7.0710678118654755
0.00029223891556450404,0.00032434732346637153,9.055385138137417
0.1791199996847213,0.1793511062071406,1.4142135623730951
0.00025240562773461324,-0.00046131953698241466,9.486832980505138
0.00021241673179317577,0.0004394916875443961,10.816653826391969
0.0005031004357590787,0.000812894031327633,8.06225774829855
0.0006560889391918627,0.0012682578347426089,10.63014581273465
0.00020533032960980363,0.0006515761283421178,10.63014581273465
0.00028997877465535807,-6.354616539545757e-05,9.0
0.0003730230383611504,-0.00014027374028679584,8.0
0.006322924301037127,0.005104594438895771,2.0
0.0003673756388452587,-3.0759908183445976e-05,10.04987562112089
0.05600136793939007,0.055853281808805985,5.830951894845301
0.0006662262446173653,0.0003957878117537717,8.54400374531753
0.0018245876969986096,0.002398511575351486,6.4031242374328485
0.0018829961030915419,0.001325530539710986,4.242640687119285
0.0009456928087851887,0.0015311414368495545,5.385164807134504
0.0012559317581667402,0.0017665291059281232,5.0990195135927845
0.0004139731113016091,9.177904189502592e-05,11.661903789690601
0.0052125462495571165,0.006269747678535553,3.605551275463989
0.02582074932255099,0.026956158712509098,7.211102550927978
0.00039207131057790543,0.0001185339079949597,8.602325267042627
0.007417177330695852,0.0071894304596202534,6.4031242374328485
0.0005572357383369195,-0.00023158474180040556,8.0
0.00012537215438919913,9.54809167565092e-05,13.45362404707371
0.0007963623053927083,0.0014819399535987883,5.656854249492381
0.0005618238670399809,0.00021349281623801687,7.810249675906654
0.00857140399090092,0.00876649535405605,4.47213595499958
0.0006043814911228821,0.0010802176093629842,8.06225774829855
0.4389273357778698,0.4385055964124467,1.0
0.0008314864025468291,0.0012105292179293095,10.816653826391969
0.018216871910487886,0.017811508601862786,6.0
0.026035958032480794,0.026194687473974215,2.23606797749979
0.008567783506314944,0.008452396446439171,6.082762530298219
0.0003984445766647084,0.000459096944247878,9.055385138137417
0.002011952678516937,0.002300281894552011,7.280109889280518
0.0008440817675642668,0.001243487600914896,8.06225774829855
0.0005639618224453861,0.00018391228937198736,7.0710678118654755
0.001634660349777147,0.0014132096152698012,8.94427190999916
0.004205241456791331,0.0033911463292617666,4.0
0.0027496519532564743,0.0028875203731981635,10.0
0.0047918352314553995,0.005283033936242244,6.324555320336759
0.0014533379668598574,0.0016089693680178764,8.246211251235321
0.0007895510856240259,0.0005558229779067726,6.4031242374328485
0.002483356991268333,0.0024119417965346793,3.0
0.000337873309677072,0.0004797164633250177,8.54400374531753
0.0008686491905533335,0.0008508108448070462,7.280109889280518
0.0023525187783318665,0.0034775065083425226,9.433981132056603
0.003468829276827927,0.0037484240291461024,8.602325267042627
0.10510904419799356,0.10539736322972941,5.0990195135927845
0.0007327874719535288,0.0015445909779895099,5.385164807134504
0.0008854813109555751,0.001031114702004391,10.0
0.0009256236928014732,0.0012240626176103601,5.0
0.0012645022704913353,0.0006325483435363263,5.0
0.0818114196896874,0.08146381869952014,8.246211251235321
0.05225576469234749,0.05158238136274761,8.06225774829855
0.010846829205340636,0.010144119148646272,5.0990195135927845
0.00030151664326008684,-0.00024129134160310976,8.602325267042627
0.004287404144994963,0.004456828864862532,3.605551275463989
0.000643736597856431,0.0010729087805528498,11.40175425099138
0.020134866567533095,0.020472608642692562,11.661903789690601
0.001013390343074003,0.0008070292128919703,11.180339887498949
0.002161799174847393,0.002196162334294212,3.1622776601683795
0.00038267771431143725,0.0002409249005206884,9.433981132056603
0.01174353001963181,0.012241948311920749,3.1622776601683795
0.5780732240672687,0.5778528372432612,11.704699910719626
0.0015284339369843693,0.001338257670874015,5.830951894845301
0.001680227620053793,0.0012952878846787044,3.605551275463989
0.005654793542865022,0.005682175756201958,5.385164807134504
0.00013613088935735863,0.0004689290253509775,14.035668847618199
0.00014152901493968495,0.0005407745516601594,13.038404810405298
0.0003008206444025205,0.0005957752999594251,9.219544457292887
0.00015642249235527772,0.0005815534126259243,12.529964086141668
0.0009696924267559705,0.001732446533823896,6.324555320336759
9.297392287848584e-05,-0.0008129072550412718,15.652475842498529
9.810433704569422e-05,-0.0012150345897804396,15.524174696260024
0.002095900136016478,0.002597926053879717,4.0
0.00014481488481280291,-0.00012901146746896474,13.341664064126334
0.00016834750659912453,0.0004182562618411995,12.083045973594572
6.133033804774065e-05,-0.00015553734942510072,18.601075237738275
0.00017207720139791194,0.0013072472265952034,12.083045973594572
8.19548009183174e-05,0.00022457225283022264,16.55294535724685
0.00018376846210617817,0.0005231665166280375,12.041594578792296
0.0005236516675145632,0.0005311419393432509,7.280109889280518
0.008941205776889418,0.009574450654703887,2.23606797749979
0.00011957170011994944,0.0013174159205972718,14.317821063276353
6.616422753055798e-05,7.692244567023168e-05,18.027756377319946
7.367822456474707e-05,-0.0006116683179600514,17.204650534085253
0.00014565057510843157,-0.0007450270064258076,12.806248474865697
0.0012562281610279688,0.001129654235542849,5.0
0.00016081150066057627,-3.06477308359855e-05,13.038404810405298
0.0021584416621880215,0.0018154475423269242,3.605551275463989
0.0009940385893677257,0.000617486947969351,5.385164807134504
9.064135797122302e-05,0.00024533619527629727,15.811388300841896
8.379983011167635e-05,0.0003429692343126587,16.278820596099706
0.00018253778098276157,0.00042538788422941815,11.661903789690601
0.0003488967947170913,0.0005105524433254682,8.602325267042627
0.0004112375093027872,-0.00029709346253488714,8.06225774829855
0.00014099510107005227,0.0002789912610863119,14.0
5.271351601544334e-05,1.1474499067802552e-05,19.849433241279208
0.00011184116732951311,-0.0003429503933347795,15.132745950421556
0.0006991886133810847,-9.520072846864059e-05,6.324555320336759
0.00011448365962560287,-0.0019408968871079677,15.0
0.0001798324252036574,0.00018949338090204113,11.661903789690601
5.607076657944804e-05,0.000435367328198304,19.4164878389476
0.0004181612948623967,0.0007570662945785912,8.246211251235321
0.0009686877743905621,0.0014462928168872463,5.385164807134504
0.00020317107485758488,9.57477566110829e-05,11.180339887498949
0.023464732077606645,0.023531483361146736,7.615773105863909
0.002461466447432098,0.0016009256385718495,5.0
0.00701657330214583,0.007063765409646011,2.0
0.004005236083709312,0.00422858828886267,4.47213595499958
0.002341589916563317,0.002351052965608346,6.082762530298219
0.00026007339813515965,0.0002818754894619972,10.0
0.00017532926913987965,-0.001236989306613106,11.40175425099138
0.0018478536274096071,0.0012206680872965253,5.0
0.010168603690303313,0.010139338138420799,6.082762530298219
0.0004560737543716161,0.0005830222604956167,7.280109889280518
0.0002278789852060887,0.000593816347034676,11.704699910719626
0.006994794564455436,0.007455792921289813,4.123105625617661
0.00021144149731199737,-0.0007621275406142751,11.0
0.00021353069054977678,0.00011460174337598911,10.0
0.0006565983362286232,0.0007452694857316613,5.830951894845301
0.0007872364857387927,0.001237524558505788,7.0710678118654755
0.00019177757228727927,6.595907651952052e-05,10.770329614269007
0.0002279099259031988,8.604967555149337e-06,11.40175425099138
0.0002811794884096732,-0.000135136468420007,10.44030650891055
0.0017768704083938429,0.0018124062023858302,5.0
0.0004692785998393726,0.0007616832252090758,7.0710678118654755
0.048979091144225446,0.04802376336761475,6.708203932499369
0.0010465683666137087,0.000551845723617073,5.0990195135927845
0.005083761399829381,0.004364188099635548,2.8284271247461903
0.0009158100315810757,0.0004999184826116349,7.810249675906654
0.000560678326345587,0.0009447616523284774,8.602325267042627
0.005129788332862215,0.004250586151055783,3.605551275463989
0.0017941331513028798,0.0015479848460872477,3.605551275463989
0.00048408333682064576,0.00083695814938219,8.06225774829855
0.0637430611381837,0.06365340456632458,8.06225774829855
0.0003000336907852471,7.892852157997921e-05,12.041594578792296
0.007783027351596822,0.007683720303281736,8.246211251235321
0.000786664234370925,0.0009405468843967195,5.385164807134504
0.00012114582125784037,0.0001680176678538599,13.038404810405298
0.0006914070084850579,0.0015614122716776637,6.082762530298219
0.0004217233826939896,0.00022851581531774473,11.40175425099138
0.08447156124770758,0.0846341130358504,2.23606797749979
0.0009116379708603948,0.0015447319840626132,5.0990195135927845
0.010198671072928992,0.01052675141124592,3.1622776601683795
0.13636984097917867,0.13641873457995646,1.0
0.013024496236683301,0.013136354981000613,7.615773105863909
0.09489438435446351,0.09454669054378585,9.219544457292887
0.02381252608895587,0.023798894080368827,6.708203932499369
0.0013193877044202044,0.0005302670344391389,8.246211251235321
0.004005372819248056,0.004348534906947884,15.652475842498529
0.008418867299266126,0.008684265757566121,18.027756377319946
0.0014430191262158954,0.0010385549244894762,10.0
0.047763648826210474,0.04797336224620816,3.1622776601683795
0.07841733928239042,0.07910260785439353,14.212670403551895
0.001113400107022588,0.0004478729045830771,15.297058540778355
0.05507205578764029,0.05541691060048405,5.830951894845301
0.002852725313308471,0.00289245970160436,16.55294535724685
0.06310525185969973,0.06311803227929152,17.69180601295413
0.0058679422338962315,0.005304712791763218,13.892443989449804
0.0007880240747638272,-0.0004538035787044507,12.041594578792296
0.031125286769286425,0.031134666204320684,17.804493814764857
0.0013687482255777404,0.0010903804016311484,15.524174696260024
0.0017419915338280861,0.0016712194807708153,14.560219778561036
0.013490805775022478,0.013645315605290267,8.94427190999916
0.0017497717332006443,0.0012913253873849562,14.866068747318506
0.7691183645350546,0.7691949568880476,1.4142135623730951
0.0018422178087788956,0.002257990465038562,12.36931687685298
0.003192249421364968,0.0034539224547182144,9.219544457292887
0.002768837276940799,0.0034259734927308324,9.055385138137417
0.0022037805433375124,0.002456166032742745,11.180339887498949
0.058410680404409734,0.0584018715747199,7.211102550927978
0.03143394749882707,0.03129781752854234,11.40175425099138
0.0006673889214107473,0.0004945892393776485,14.0
0.01702312118220408,0.017011024925386094,8.06225774829855
0.000745873330909113,0.0002988002202567464,13.038404810405298
0.01416224890642384,0.013569681142145629,2.23606797749979
0.004164414806862588,0.004485971603017194,13.416407864998739
0.43699036951129266,0.4375872589601007,20.518284528683193
0.07383045018768142,0.07432627499660094,12.806248474865697
0.0008484784987194971,0.0006693451026302085,11.180339887498949
0.010042112421286945,0.010035730261493337,6.324555320336759
0.003084452108639833,0.0020549165315859015,13.0
0.23118024313161273,0.23156747674010786,6.4031242374328485
0.00021836707622446204,-0.00040056254826028096,12.041594578792296
0.0005471854857342763,0.0012770434002585531,7.211102550927978
0.00022355162854814713,-0.0005315886207867557,10.63014581273465
0.0004394108780116374,-0.00013901902260467268,8.06225774829855
7.648970675995786e-05,0.0009578338261758237,17.4928556845359
0.00043782411609658565,0.0005294795139031609,8.06225774829855
0.00021753819367075291,0.00021280296738866885,11.180339887498949
7.849099582490454e-05,-0.0003101205384696755,17.029386365926403
0.0002987601388781597,-0.0005478918656872661,10.198039027185569
0.00024496319007587215,-0.00019970774773416433,10.198039027185569
0.001733754523661781,0.002440206834008845,4.47213595499958
0.0003572050808885706,0.00031958020748744983,8.94427190999916
0.0004341727425083943,0.000530743334014937,8.246211251235321
0.00012213679105780808,-9.409254878488407e-05,14.035668847618199
0.00011263715268132207,-6.21899880712845e-05,14.317821063276353
5.9382840236488095e-05,-5.832457387522144e-05,19.1049731745428
0.0001790123228915371,0.001010268377417094,12.041594578792296
0.0011337711692700498,0.0018511708503810165,5.385164807134504
0.001181136148248983,0.000984310390623618,5.0990195135927845
0.0005464596077071665,0.0002655263121485907,7.0710678118654755
7.581043724392093e-05,1.7249665922455982e-05,17.0
0.000204330299641897,0.0005221337814791723,12.165525060596439
8.313319963847907e-05,0.00023648758943787903,16.401219466856727
0.00010684801520390984,-0.0002578217992571604,14.866068747318506
0.0015465379060098398,0.002644339533956498,4.47213595499958
0.0021664068765651387,0.0022078125759118217,3.605551275463989
0.0003712990396277586,0.0008572491315297425,8.602325267042627
0.00017924977275476044,0.0001253622601337049,11.661903789690601
5.341915503577271e-05,-0.0004327987893798441,19.849433241279208
0.00017277588518924063,0.0001089701006488211,12.041594578792296
0.00018271216735893137,0.000906241445915719,13.038404810405298
0.0002812863827374649,0.00013053682962769608,11.0
0.00010500525046603054,0.0006574336644889088,14.7648230602334
0.000107798707622966,-0.00011541273425766499,15.132745950421556
0.00028355884012582546,0.0007434850205047343,9.486832980505138
0.01133905959382933,0.011534897381236767,2.23606797749979
0.00014980229142699916,-0.00012668298273155046,13.038404810405298
9.745422403121539e-05,-0.00032785065459866577,15.264337522473747
0.0003087342215264121,0.0001183483162517868,9.433981132056603
0.20079897696593096,0.2014414665421138,1.4142135623730951
0.0015607649461285113,0.001944436797303945,6.4031242374328485
0.001677370648314637,0.0027822236471862958,8.94427190999916
0.0023670980547880814,0.0022607925823192824,5.656854249492381
0.3054112114182882,0.3056935610575704,9.848857801796104
0.00023675665086392254,0.0003553386509156329,14.422205101855956
0.00018440939831564933,0.00022260699367342867,17.029386365926403
0.019127463921433736,0.018736019710264704,11.180339887498949
0.026932052474767418,0.027222037456677263,2.23606797749979
0.0003989361184622954,0.0009663140026422024,13.45362404707371
0.00019851765436145624,-0.0004257250968182194,13.601470508735444
0.003855894301210073,0.004402624925260178,5.0
0.00019819387240073078,-0.0004535495486189621,15.264337522473747
0.00026619827959657765,0.000134001335888412,17.204650534085253
0.0007925610310539406,-2.9781466017530438e-05,13.92838827718412
0.023079650289993932,0.022508185153753663,13.341664064126334
0.00020956505591508115,0.0009221616142368992,16.97056274847714
0.0002007995453316628,1.7231539040312262e-05,13.92838827718412
0.00024170899065544636,-0.00029462197480372375,13.0
0.001060291926551753,-0.00021950573591171226,7.810249675906654
0.001061753759984615,0.001388365272631949,15.297058540778355
0.5744252054277922,0.5754321897426883,2.23606797749979
0.0025414439171654074,0.0019513563304547504,13.038404810405298
0.006549173688846134,0.005946189136473171,10.0
0.0007609596196750377,0.0009491570335106907,7.280109889280518
0.0004512056858971856,0.00017604617594735674,9.486832980505138
0.002203076598295949,0.001705133665640126,6.4031242374328485
0.001033907592021726,0.0008194105498981407,11.180339887498949
0.006523318079587717,0.0062922298094570455,15.132745950421556
0.0035884103013709106,0.004151369177515838,8.246211251235321
0.0344388910952253,0.03510757340963846,2.23606797749979
0.00025102134963485913,0.0014924294936132815,11.0
0.0010190880959145196,0.00015066537362777653,13.601470508735444
0.00015626747001128548,0.0002576687160609335,19.849433241279208
0.0005203255088878073,-0.00011823494871723286,12.041594578792296
0.00035615283303942985,0.0010318435050294757,9.055385138137417
0.0134392814679687,0.01338845609015021,7.0
0.001339797829879613,0.0013593512780531946,13.341664064126334
0.0034424998386675333,0.0031737025434988944,5.830951894845301
0.0012462614849981745,0.0011256691132739342,13.0
0.04423446767896656,0.04440685457539788,9.055385138137417
0.054247254728482706,0.05312369577945371,5.0
0.017138938943011994,0.016834135563079788,9.0
0.0007889840200806728,0.0003859834710684706,8.94427190999916
0.002365960708919238,0.0018258105117429791,9.433981132056603
0.0011870516537393387,0.0011357871549245353,9.219544457292887
0.001419801078654341,0.001873848953818539,6.324555320336759
0.0026587749158243725,0.0028138586973288035,11.40175425099138
0.006271424651196501,0.0071946306691026175,5.830951894845301
0.002462636338894647,0.0026881803210771285,12.727922061357855
0.008781905054988956,0.008700924500996986,9.055385138137417
0.0016918972383857024,0.0013940965234928075,10.295630140987
0.0016907633846505164,0.0022658731196683523,6.082762530298219
0.07084826002182369,0.07103176193625604,1.0
0.0008558376780382866,0.0005897025666289804,7.0
0.0013663618898100696,0.0014542007102858433,8.06225774829855
0.0022609922424359106,0.0018412515764018003,12.041594578792296
0.0033131865020014665,0.003961333178407806,11.313708498984761
0.5011048608780634,0.5008855683789355,8.246211251235321
0.005712906417898737,0.005460078590200798,2.23606797749979
0.0013733553030394663,0.001965353551311994,12.083045973594572
0.004922105191496106,0.004748100942471294,3.0
0.0034643265560793087,0.003372893524280724,5.0
0.6880789919394693,0.6884322883621575,11.40175425099138
0.02788003338620535,0.02820854481411322,11.180339887498949
0.021747930819890033,0.022228442920030216,8.0
0.8586126290570291,0.8577029197102539,3.1622776601683795
0.0008636836506354143,0.0008484723333323381,6.324555320336759
0.009162909959954472,0.008621196494872942,5.385164807134504
0.0009481019039147501,0.0009570080309147929,13.416407864998739
0.010067888480030752,0.009489347912155218,14.7648230602334
0.0014973977470436211,0.0009482555193488056,13.601470508735444
0.0006485345641066311,0.0010427185805912727,9.219544457292887
0.014478011293608253,0.014425254680199544,5.656854249492381
0.131155530590119,0.13100663582303937,14.866068747318506
0.0029663140563174653,0.0030538751582045937,7.211102550927978
0.041085636626383024,0.04137518269825469,1.0
0.010455497338852057,0.01018228738652665,8.06225774829855
5.2878290506778624e-05,0.0013259786655661506,19.79898987322333
0.00011768950706533454,0.0006672351840935081,13.601470508735444
0.00019457803902683254,-0.0003385416911274331,11.40175425099138
0.00010875353314576154,-0.000811733384022611,14.212670403551895
8.321517522604668e-05,-0.0009814386118533406,18.027756377319946
0.0004371747674137171,-2.9593519276593146e-05,7.0710678118654755
0.0014066792723597518,0.0010078127919947461,4.0
0.00012471762949659224,-0.0006241255550190107,15.524174696260024
6.761758738479774e-05,0.0002617849564638899,17.69180601295413
0.0006019179911297549,0.0007821762150191369,6.4031242374328485
0.00016972753135716196,0.0010344708794836448,11.0
0.00010019876038197747,-0.0003414818332546753,14.866068747318506
0.00044422714846789553,5.707403351919681e-05,7.0
0.00344507949457282,0.0035366693434767255,3.1622776601683795
0.0005101051493521264,0.0012143544441304967,8.246211251235321
0.00012746469743169436,-0.0002533620474615044,16.1245154965971
0.0023220389325627564,0.0018418823583809668,3.1622776601683795
0.00020852351955036365,-0.0001694705297033245,10.0
0.0002068252513444048,0.000691532293952821,10.04987562112089
0.00014864603858915734,0.0010989558482453435,12.206555615733702
0.00042068258454084766,-0.00022237029786099298,10.0
5.832555026318194e-05,0.0009867629411735405,19.1049731745428
0.00023409242027347312,0.0009174329028003431,12.165525060596439
0.00014802020441619923,-0.0001969262611918161,13.92838827718412
9.960244523408231e-05,0.00046825468435810673,14.317821063276353
0.0001283767714344846,0.0007884460597747127,12.649110640673518
0.00012505273847701446,0.0017663180861649044,13.45362404707371
0.0003097092123504966,0.0008723702632783049,9.433981132056603
0.00016928511192895496,-0.00016725184148472342,15.0
0.00015193088189496387,0.000537177348061923,13.038404810405298
4.929844276543708e-05,-0.0004341896338177297,20.518284528683193
8.440728025761511e-05,-0.0007027493398280439,15.132745950421556
5.120609940762936e-05,-0.0003655946671903038,19.849433241279208
0.0004105371436323499,0.0017153814060924591,9.219544457292887
0.0003998562335597496,-0.00025202708012528286,7.810249675906654
7.026059602086314e-05,0.00041831594674567615,16.492422502470642
0.0001074184725325553,-2.888815599464263e-05,15.264337522473747
0.0003359353182609759,0.0008714225778502061,10.198039027185569
0.00011420190782601503,0.00040260361245509225,14.142135623730951
0.00023451048035778553,0.0002393398752612776,12.041594578792296
0.000908809643268285,0.0013666482496347311,5.830951894845301
0.0036740010843327566,0.0036984709857162644,4.123105625617661
0.0008113569474449475,0.000961094272810565,6.4031242374328485
0.0005475039391068528,0.000461564643431048,12.0
0.0017125195802061325,0.0021033631160821235,4.123105625617661
0.0015145047580631778,0.001365820480171827,5.385164807134504
0.0011483906750416766,0.0011992535426046242,10.198039027185569
0.00034604408876586146,0.0006129442182137694,9.899494936611665
0.03351865536534002,0.03329677763569139,1.4142135623730951
0.00047528075555367173,-0.0005969961924510974,7.0710678118654755
0.0007115815167126813,0.00040095178114863024,7.0710678118654755
0.0011338702246861494,0.0011519108760450238,5.0990195135927845
0.004918968765904396,0.004834176187408619,5.385164807134504
0.11349794849215783,0.11357895871824,5.0
0.0012057912478784197,0.0011099327595420364,11.704699910719626
0.0023313677697272724,0.002480084729974335,5.0
0.0005976525795150758,0.0007567280414016234,6.4031242374328485
0.0007574283163239745,0.00036406477718513384,5.656854249492381
0.0015064235666300571,0.002256162801806792,4.47213595499958
0.03098243505082405,0.03081182849740836,7.810249675906654
0.00027925363531327527,-0.00013378102536094167,11.40175425099138
0.004496752819270684,0.0034352580157049686,8.06225774829855
0.0016450149116850618,0.001856345761024248,8.06225774829855
0.0005101887779917635,-0.00044053237212004267,7.0710678118654755
0.0006502387670061202,0.0004827422070561105,6.082762530298219
0.001133897974914259,0.0009063060341780952,5.656854249492381
0.016723529399754383,0.016764495540126968,3.1622776601683795
0.002196485256873142,0.001969289711768971,11.661903789690601
0.0018458124104274462,0.0028917767169652662,6.082762530298219
0.00021264811062709558,0.00040664846438550576,12.806248474865697
0.00024931817876528225,0.00020716720372926682,9.486832980505138
0.0002153653289203154,0.00042089887385300613,12.041594578792296
0.03016963644066158,0.030305741195200863,5.656854249492381
0.0012702547984851191,0.0017870809762519217,7.810249675906654
0.00022659732922452848,-0.0004280761381854391,10.04987562112089
0.0008752381052942327,0.000823913559436432,8.246211251235321
0.013214827971103321,0.014230223246923013,6.4031242374328485
0.0009554918871237121,0.0008908475004846704,6.4031242374328485
0.00025180651292749863,-0.0008006608845419133,10.198039027185569
0.0012083422521893769,-0.0001955890978490955,6.4031242374328485
0.0005498577694024323,5.972333361936317e-05,10.295630140987
0.0008699283043648417,0.0004641254736648579,7.0710678118654755
0.00012130013415491231,-0.00012418681365348365,16.401219466856727
0.005169889083428033,0.004687168923607514,9.486832980505138
0.0028248673492657743,0.0023366392000135393,12.649110640673518
0.00014611208369742686,-9.035248537146002e-05,16.278820596099706
0.00040617332957994777,0.00046896045295571117,8.54400374531753
0.0012558232006443099,0.0006700640093410429,11.0
0.2276198965899899,0.2279935171315901,6.4031242374328485
0.0006449747627672763,0.0009892462132044771,7.810249675906654
0.007898879635906702,0.00770764336541825,9.848857801796104
0.0007392676274898298,0.001171707859104234,15.033296378372908
0.00036261512018579355,0.0001045398509031032,14.560219778561036
0.0001124634534681224,0.0009434776048343495,18.439088914585774
0.0016760476934148411,0.0009342707823488228,13.341664064126334
0.05609821851263534,0.056325556981009606,7.211102550927978
0.022464674574698123,0.02235559878281111,6.708203932499369
0.0014465204187499065,0.0018765904950681688,6.708203932499369
0.0002147608436010806,0.0010563325049404687,17.08800749063506
0.00025307378134743546,0.000565554342473697,10.44030650891055
0.00019525471849930206,0.00040552049423903114,16.1245154965971
0.00021315398272090172,0.0013918356283807007,14.212670403551895
0.004306742175200925,0.004902519310082076,3.605551275463989
0.009944630559569729,0.010622918156639623,4.0
0.0007806628757598473,0.0004869519709026042,7.810249675906654
0.0005287234605116695,-2.0628716156644586e-05,11.704699910719626
0.00011176018764337655,-0.0007478150395293169,19.4164878389476
0.000360228864160927,0.0013727171029935372,11.40175425099138
0.00020432969548035866,0.00012173453667832079,11.180339887498949
0.1191450025265875,0.11959267353678874,2.23606797749979
0.0003101568086579405,0.0006651944707408979,9.055385138137417
0.0003085801934987314,0.00014506208264489549,14.866068747318506
0.0010795522251383339,0.00078990706234097,16.492422502470642
0.0011984144745315968,0.0013697696170371925,10.04987562112089
0.0002616835732733478,0.000642110655414618,12.041594578792296
0.00026377915868397325,-0.0008524528143253501,15.231546211727817
0.0005930687180556972,0.0009045110854080834,8.48528137423857
0.07437730423351643,0.07447676297053345,6.082762530298219
0.003529592761054891,0.0036194328242811144,5.830951894845301
0.002687438556801606,0.0032788866191124245,4.123105625617661
0.005932992602923828,0.004869292105033039,5.0
0.0018660562964865999,0.002038253694933625,4.47213595499958
0.00030960357854397947,0.0006090946463361502,12.041594578792296
0.00019482925662374375,0.0007226930046948668,13.601470508735444
0.0014375872703550107,0.0012557908777159656,4.47213595499958
0.1359967769814752,0.13585512684261158,5.0990195135927845
0.0004340246247012194,0.0004297111159579794,9.486832980505138
0.00034160117711752374,0.000820126203371117,13.341664064126334
0.011443676297386846,0.011946325387373847,4.242640687119285
0.0002587124954243109,0.00017703353395461473,13.038404810405298
0.00020533262482798378,0.0005092207132335481,12.206555615733702
0.0004869126841939401,0.00016687800654725153,7.810249675906654
0.0006166649454434745,0.0001917930582290119,6.708203932499369
0.000202245469501318,0.0005366236298705847,13.0
0.00032270053667193816,0.00042280378443044256,13.152946437965905
0.0003943336091768461,0.0005980140913680263,12.165525060596439
0.002074974541978546,0.0025033840773786235,6.324555320336759
0.0003641823708651455,0.0002909222603573755,8.54400374531753
0.0778126484556635,0.07803385107661248,5.0990195135927845
0.0007298393527507314,0.0008991479047278992,6.082762530298219
0.0030935038215745307,0.0036236559798756562,3.0
0.001808743172630314,0.001229743023365748,8.602325267042627
0.0009200902414797762,0.0012836852866271163,9.848857801796104
0.005304290133935097,0.00556663037574922,4.47213595499958
0.001065959798958183,0.0004290551979321674,5.830951894845301
0.00038278707905513906,0.000507540666708125,8.246211251235321
0.00784990078866857,0.00804855550355843,2.23606797749979
0.022549051432553938,0.02257874863667126,6.324555320336759
0.000615067081932613,0.0013575793001935664,13.038404810405298
0.6794292500171266,0.6789742073703767,7.0
0.0005562909752452204,0.0001543565385555912,7.211102550927978
0.00012651660662791353,-0.00011883266050247853,15.264337522473747
0.0006267342045888322,0.0005428485547196663,8.246211251235321
0.0010557818504525365,0.0007355006509324143,12.041594578792296
0.0006257944234215019,0.00048196462421405033,6.708203932499369
0.010244891906487693,0.01031700071220239,3.605551275463989
0.0012949702426283253,0.0008280265822331673,12.649110640673518
0.08976962640243855,0.0888187520007989,9.219544457292887
0.17470494991872446,0.17421128091070862,5.0990195135927845
0.02417209318627969,0.024180909688331646,9.055385138137417
0.0008184145550419232,0.0004099376240733622,8.06225774829855
0.0015268782373742663,0.00239671848335835,10.295630140987
0.0007971859260283349,0.0006701359495023802,10.198039027185569
0.0016100893717019376,0.0018262142673090998,5.385164807134504
0.002810801045346499,0.0022751117199603086,11.180339887498949
0.0033411439776000343,0.003347364311652126,6.708203932499369
0.0017478614626980796,0.0017791899560280389,13.45362404707371
0.010687348935864418,0.010981063461574903,9.0
0.0011412093450205944,0.001067161620065058,11.180339887498949
0.0010520555546430508,0.0005853310038560033,7.0710678118654755
0.015908601201074915,0.01552573653435571,2.0
0.0009170456984649186,0.0011387404509652227,6.0
0.0008896275160912187,0.001395265716861106,9.055385138137417
0.0015747939741463973,0.0015902147299670395,12.806248474865697
0.0021882752625363424,0.0022423000755351667,12.041594578792296
0.3979142362642869,0.39791683385630877,8.54400374531753
0.005650310628934653,0.0054638008359033235,2.0
0.0014185429108706244,0.0013432252703611757,11.704699910719626
0.008351893846007322,0.008169166255678942,2.0
0.004467557586809858,0.00404295433285928,4.242640687119285
0.39456099540737755,0.3949397428708786,11.704699910719626
0.013431277726805321,0.013953563138729853,11.661903789690601
0.03444241106160961,0.034302452063807796,8.06225774829855
0.08634213693182519,0.08595753845625093,3.605551275463989
0.0009133168506546395,0.0009559907092983131,5.385164807134504
0.01295103265857121,0.012946276287911396,5.0990195135927845
0.0009801585447938728,0.0015378029080729192,13.0
0.006890238547362697,0.007405194784054911,15.264337522473747
0.001585505297746328,0.0016215631770238955,13.341664064126334
0.057464787061788015,0.05746266209294559,1.0
0.0004520494464614005,0.0005370714195767277,10.198039027185569
0.006720942662085396,0.006625261969194053,6.4031242374328485
0.05099436506038865,0.050047761115225575,15.231546211727817
0.0033567456189851808,0.00313780718063195,6.708203932499369
0.013516790651971622,0.013778856944223787,8.0
0.001119226226017527,0.0007932311490286559,5.656854249492381
0.006730849892841475,0.0061702543187348025,2.23606797749979
0.034338461358855724,0.0344206455552537,3.1622776601683795
0.014678886814994442,0.015128600820247584,1.4142135623730951
0.002723741630446457,0.0031475856533012994,8.06225774829855
0.0006029881139944089,0.00016067373122868227,9.486832980505138
0.000490901746720606,0.0004850663050828001,11.661903789690601
0.009371777860327042,0.008469889442102923,7.810249675906654
0.002558261709890408,0.002781047922073558,3.605551275463989
0.0015234596316977649,0.0015592595341723677,7.810249675906654
0.0003656770654243751,0.00035570122233141623,10.04987562112089
0.0266960563216488,0.0269977417826458,1.0
0.00047069481634724617,0.0011897735962320519,10.44030650891055
0.0009655138093946339,0.0012707298338299447,11.40175425099138
0.006703478071463428,0.006884655621350495,8.246211251235321
0.007123252267100102,0.006804470443661937,10.0
0.0006163616228558643,0.0005725276672515355,11.40175425099138
0.00039799382303722395,0.0005840045260230118,10.0
0.0005025210706738738,0.00028099682971118424,9.0
0.0049676255949569125,0.00409097975877154,3.0
0.017524109406971078,0.017236511539583235,10.0
0.001582024157506931,0.0019186773698450918,5.0
0.9187579349336987,0.9188479373628226,8.246211251235321
0.0386946127915114,0.038554187284501856,5.830951894845301
0.0012243530405105483,0.001375612724051024,5.0
0.0008662795834382177,0.0003202237285273896,6.324555320336759
0.04139150484796656,0.04095323121790573,1.0
0.009980160010882491,0.010296279832298076,5.385164807134504
0.019352319521533,0.019361331910760657,11.180339887498949
0.6636783911638312,0.6631047353212578,3.1622776601683795
0.0009234857287181464,0.0016920505684018638,6.4031242374328485
0.00032770948866697215,0.0003327685137859079,9.433981132056603
0.0009293866601641612,0.0008465467336293562,5.830951894845301
0.012240546001874918,0.012165833868379366,8.06225774829855
0.0004462876632056529,-0.00012483879084798047,14.142135623730951
0.002252759624154238,0.0024434822390536634,6.4031242374328485
0.0003824227891020372,0.0005179579649753829,8.48528137423857
0.016748370433987875,0.016672690907381542,3.605551275463989
0.027473426420075407,0.027025555315986848,8.0
